00:00:00.002113 main     VirtualBox XPCOM Server 7.2.4 r170995 linux.amd64 (Oct 22 2025 16:59:14) release log
00:00:00.002119 main     Log opened 2025-12-14T12:00:36.525078000Z
00:00:00.002120 main     Build Type: release
00:00:00.002128 main     OS Product: Linux
00:00:00.002130 main     OS Release: 6.17.9-arch1-1
00:00:00.002132 main     OS Version: #1 SMP PREEMPT_DYNAMIC Mon, 24 Nov 2025 15:21:09 +0000
00:00:00.002226 main     DMI Product Name: 20XLS0NM00
00:00:00.002242 main     DMI Product Version: ThinkPad T14 Gen 2a
00:00:00.002253 main     Firmware type: UEFI
00:00:00.002770 main     Secure Boot: Disabled
00:00:00.002932 main     Host RAM: 14799MB (14.4GB) total, 7415MB (7.2GB) available
00:00:00.002937 main     Executable: /usr/lib/virtualbox/VBoxSVC
00:00:00.002938 main     Process ID: 407809
00:00:00.002938 main     Package type: LINUX_64BITS_GENERIC (OSE)
00:00:00.012536 main     IPC socket path: /tmp/.vbox-gyom-ipc/ipcd
00:00:00.028467 DCon01   VirtualBox: object creation starts
00:00:00.028591 DCon01   Home directory: '/home/gyom/.config/VirtualBox'
00:00:00.028844 DCon01   Loading settings file "/home/gyom/.config/VirtualBox/VirtualBox.xml" with version "1.12-linux"
00:00:00.365563 DCon01   NetIfAdpCtlOut: VBoxNetAdpCtl: Error while retrieving link speed for wlp3s0: VBoxNetAdpCtl: ioctl failed: Operation not supported
00:00:00.367115 DCon01   HostDnsMonitor: initializing
00:00:00.367578 DCon01   NAT: resolv.conf: nameserver 192.168.0.1
00:00:00.367603 DCon01   NAT: resolv.conf: nameserver 10.255.255.2
00:00:00.367652 DCon01   HostDnsMonitor: updating information
00:00:00.367673 DCon01   HostDnsMonitor: old information
00:00:00.367681 DCon01     no server entries
00:00:00.367690 DCon01     no domain set
00:00:00.367698 DCon01     no search string entries
00:00:00.367706 DCon01   HostDnsMonitor: new information
00:00:00.367714 DCon01     server 1: 192.168.0.1
00:00:00.367723 DCon01     server 2: 10.255.255.2
00:00:00.367732 DCon01     domain: .
00:00:00.367740 DCon01     search string 1: .
00:00:00.370415 DCon01   VD: VDInit finished with VINF_SUCCESS
00:00:00.371725 DCon01   Platform architecture set to 'x86'
00:00:00.372660 DCon01   Loading settings file "/home/gyom/VirtualBox_VMs/win7-opcom/win7-opcom.vbox" with version "1.19-linux"
00:00:00.372869 DCon01   Platform architecture set to 'x86'
00:00:00.373254 DCon01   Platform architecture set to 'x86'
00:00:00.373939 DCon01   Loading settings file "/home/gyom/VirtualBox_VMs/win10/win10-1.15-linux.vbox" with version "1.19-linux"
00:00:00.374163 DCon01   Platform architecture set to 'x86'
00:00:00.374882 DCon01   VirtualBox: object created
00:00:01.752479 DCon05   WARNING [COM]: aRC=NS_ERROR_FAILURE (0x80004005) aIID={d5dcece0-b202-4416-a138-03502784cc07} aComponent={HostWrap} aText={VirtualBox is not currently allowed to access USB devices.  You can change this by adding your user to the 'vboxusers' group.  Please see the user manual for a more detailed explanation}, preserve=true aResultDetail=0
00:00:01.755629 DCon05   WARNING [COM]: aRC=NS_ERROR_FAILURE (0x80004005) aIID={d5dcece0-b202-4416-a138-03502784cc07} aComponent={HostWrap} aText={VirtualBox is not currently allowed to access USB devices.  You can change this by adding your user to the 'vboxusers' group.  Please see the user manual for a more detailed explanation}, preserve=false aResultDetail=0
00:00:01.826819 DCon05   ERROR [COM]: aRC=VBOX_E_OBJECT_NOT_FOUND (0x80bb0001) aIID={5bfd8965-b81b-469f-8649-f717ce97a5d5} aComponent={NvramStoreWrap} aText={The UEFI NVRAM file is not existing for this machine}, preserve=false aResultDetail=0
00:00:01.975111 DCon05   ERROR [COM]: aRC=VBOX_E_INVALID_VM_STATE (0x80bb0002) aIID={e36a5081-a82a-40bd-9e4e-42a44d6ce50f} aComponent={MachineWrap} aText={The machine is not mutable, saved or running (state is PoweredOff)}, preserve=false aResultDetail=0
00:00:02.062617 DCon06   WARNING [COM]: aRC=NS_ERROR_FAILURE (0x80004005) aIID={d5dcece0-b202-4416-a138-03502784cc07} aComponent={HostWrap} aText={VirtualBox is not currently allowed to access USB devices.  You can change this by adding your user to the 'vboxusers' group.  Please see the user manual for a more detailed explanation}, preserve=true aResultDetail=0
00:00:02.067683 DCon06   WARNING [COM]: aRC=NS_ERROR_FAILURE (0x80004005) aIID={d5dcece0-b202-4416-a138-03502784cc07} aComponent={HostWrap} aText={VirtualBox is not currently allowed to access USB devices.  You can change this by adding your user to the 'vboxusers' group.  Please see the user manual for a more detailed explanation}, preserve=true aResultDetail=0
00:00:02.074341 DCon06   Saving settings file "/home/gyom/.config/VirtualBox/VirtualBox.xml" with version "1.12-linux"
00:00:02.077778 DCon06   Finished saving settings file "/home/gyom/.config/VirtualBox/VirtualBox.xml"
00:00:07.326756 DCon01   Saving settings file "/home/gyom/.config/VirtualBox/VirtualBox.xml" with version "1.12-linux"
00:00:07.330407 DCon01   Finished saving settings file "/home/gyom/.config/VirtualBox/VirtualBox.xml"
00:00:07.333912 DCon06   WARNING [COM]: aRC=NS_ERROR_FAILURE (0x80004005) aIID={d5dcece0-b202-4416-a138-03502784cc07} aComponent={HostWrap} aText={VirtualBox is not currently allowed to access USB devices.  You can change this by adding your user to the 'vboxusers' group.  Please see the user manual for a more detailed explanation}, preserve=true aResultDetail=0
00:00:07.350372 DCon01   ERROR [COM]: aRC=VBOX_E_OBJECT_NOT_FOUND (0x80bb0001) aIID={5bfd8965-b81b-469f-8649-f717ce97a5d5} aComponent={NvramStoreWrap} aText={The UEFI NVRAM file is not existing for this machine}, preserve=false aResultDetail=0
00:00:07.369189 DCon05   ERROR [COM]: aRC=VBOX_E_INVALID_VM_STATE (0x80bb0002) aIID={e36a5081-a82a-40bd-9e4e-42a44d6ce50f} aComponent={MachineWrap} aText={The machine is not mutable, saved or running (state is PoweredOff)}, preserve=false aResultDetail=0
00:00:07.392735 DCon05   WARNING [COM]: aRC=NS_ERROR_FAILURE (0x80004005) aIID={d5dcece0-b202-4416-a138-03502784cc07} aComponent={HostWrap} aText={VirtualBox is not currently allowed to access USB devices.  You can change this by adding your user to the 'vboxusers' group.  Please see the user manual for a more detailed explanation}, preserve=true aResultDetail=0
00:00:07.394274 DCon05   WARNING [COM]: aRC=NS_ERROR_FAILURE (0x80004005) aIID={d5dcece0-b202-4416-a138-03502784cc07} aComponent={HostWrap} aText={VirtualBox is not currently allowed to access USB devices.  You can change this by adding your user to the 'vboxusers' group.  Please see the user manual for a more detailed explanation}, preserve=true aResultDetail=0
00:00:12.014716 DCon05   Launched VM: 1858834624 pid: 407865 (0x63939) frontend: GUI/Qt name: win7-opcom
00:00:12.068482 DCon02   ERROR [COM]: aRC=VBOX_E_OBJECT_NOT_FOUND (0x80bb0001) aIID={5bfd8965-b81b-469f-8649-f717ce97a5d5} aComponent={NvramStoreWrap} aText={The UEFI NVRAM file is not existing for this machine}, preserve=false aResultDetail=0
00:00:12.101079 DCon02   ERROR [COM]: aRC=VBOX_E_INVALID_VM_STATE (0x80bb0002) aIID={e36a5081-a82a-40bd-9e4e-42a44d6ce50f} aComponent={MachineWrap} aText={The machine is not mutable, saved or running (state is PoweredOff)}, preserve=false aResultDetail=0
00:00:12.162936 DCon02   WARNING [COM]: aRC=NS_ERROR_FAILURE (0x80004005) aIID={d5dcece0-b202-4416-a138-03502784cc07} aComponent={HostWrap} aText={VirtualBox is not currently allowed to access USB devices.  You can change this by adding your user to the 'vboxusers' group.  Please see the user manual for a more detailed explanation}, preserve=true aResultDetail=0
00:00:12.167610 DCon02   WARNING [COM]: aRC=NS_ERROR_FAILURE (0x80004005) aIID={d5dcece0-b202-4416-a138-03502784cc07} aComponent={HostWrap} aText={VirtualBox is not currently allowed to access USB devices.  You can change this by adding your user to the 'vboxusers' group.  Please see the user manual for a more detailed explanation}, preserve=true aResultDetail=0
00:00:12.570874 DCon09   Platform architecture set to 'x86'
00:00:12.606846 DCon11   ERROR [COM]: aRC=VBOX_E_OBJECT_NOT_FOUND (0x80bb0001) aIID={5bfd8965-b81b-469f-8649-f717ce97a5d5} aComponent={NvramStoreWrap} aText={The UEFI NVRAM file is not existing for this machine}, preserve=false aResultDetail=0
00:00:12.617109 DCon06   ERROR [COM]: aRC=VBOX_E_INVALID_VM_STATE (0x80bb0002) aIID={e36a5081-a82a-40bd-9e4e-42a44d6ce50f} aComponent={MachineWrap} aText={The machine is not mutable, saved or running (state is PoweredOff)}, preserve=false aResultDetail=0
00:00:12.635235 DCon06   WARNING [COM]: aRC=NS_ERROR_FAILURE (0x80004005) aIID={d5dcece0-b202-4416-a138-03502784cc07} aComponent={HostWrap} aText={VirtualBox is not currently allowed to access USB devices.  You can change this by adding your user to the 'vboxusers' group.  Please see the user manual for a more detailed explanation}, preserve=true aResultDetail=0
00:00:12.636663 DCon06   WARNING [COM]: aRC=NS_ERROR_FAILURE (0x80004005) aIID={d5dcece0-b202-4416-a138-03502784cc07} aComponent={HostWrap} aText={VirtualBox is not currently allowed to access USB devices.  You can change this by adding your user to the 'vboxusers' group.  Please see the user manual for a more detailed explanation}, preserve=true aResultDetail=0
00:00:13.357095 DCon05   WARNING [COM]: aRC=NS_ERROR_FAILURE (0x80004005) aIID={d5dcece0-b202-4416-a138-03502784cc07} aComponent={HostWrap} aText={VirtualBox is not currently allowed to access USB devices.  You can change this by adding your user to the 'vboxusers' group.  Please see the user manual for a more detailed explanation}, preserve=true aResultDetail=0
00:00:13.361741 DCon05   WARNING [COM]: aRC=NS_ERROR_FAILURE (0x80004005) aIID={d5dcece0-b202-4416-a138-03502784cc07} aComponent={HostWrap} aText={VirtualBox is not currently allowed to access USB devices.  You can change this by adding your user to the 'vboxusers' group.  Please see the user manual for a more detailed explanation}, preserve=true aResultDetail=0
00:00:13.363347 DCon05   WARNING [COM]: aRC=NS_ERROR_FAILURE (0x80004005) aIID={d5dcece0-b202-4416-a138-03502784cc07} aComponent={HostWrap} aText={VirtualBox is not currently allowed to access USB devices.  You can change this by adding your user to the 'vboxusers' group.  Please see the user manual for a more detailed explanation}, preserve=true aResultDetail=0
00:00:13.457695 DCon05   WARNING [COM]: aRC=NS_ERROR_FAILURE (0x80004005) aIID={d5dcece0-b202-4416-a138-03502784cc07} aComponent={HostWrap} aText={VirtualBox is not currently allowed to access USB devices.  You can change this by adding your user to the 'vboxusers' group.  Please see the user manual for a more detailed explanation}, preserve=true aResultDetail=0
00:00:13.461476 DCon05   WARNING [COM]: aRC=NS_ERROR_FAILURE (0x80004005) aIID={d5dcece0-b202-4416-a138-03502784cc07} aComponent={HostWrap} aText={VirtualBox is not currently allowed to access USB devices.  You can change this by adding your user to the 'vboxusers' group.  Please see the user manual for a more detailed explanation}, preserve=true aResultDetail=0
00:00:13.472541 DCon05   ERROR [COM]: aRC=NS_ERROR_FAILURE (0x80004005) aIID={83cfdc66-4f20-4569-ad39-8722f7d472b3} aComponent={RecordingSettingsWrap} aText={Recording not started}, preserve=false aResultDetail=0
00:00:13.793334 DCon05   NetIfAdpCtlOut: VBoxNetAdpCtl: Error while retrieving link speed for wlp3s0: VBoxNetAdpCtl: ioctl failed: Operation not supported
00:00:13.800641 DCon05   WARNING [COM]: aRC=NS_ERROR_FAILURE (0x80004005) aIID={d5dcece0-b202-4416-a138-03502784cc07} aComponent={HostWrap} aText={VirtualBox is not currently allowed to access USB devices.  You can change this by adding your user to the 'vboxusers' group.  Please see the user manual for a more detailed explanation}, preserve=false aResultDetail=0
00:00:13.801797 DCon05   WARNING [COM]: aRC=NS_ERROR_FAILURE (0x80004005) aIID={d5dcece0-b202-4416-a138-03502784cc07} aComponent={HostWrap} aText={VirtualBox is not currently allowed to access USB devices.  You can change this by adding your user to the 'vboxusers' group.  Please see the user manual for a more detailed explanation}, preserve=true aResultDetail=0
00:00:13.801998 DCon05   WARNING [COM]: aRC=NS_ERROR_FAILURE (0x80004005) aIID={d5dcece0-b202-4416-a138-03502784cc07} aComponent={HostWrap} aText={VirtualBox is not currently allowed to access USB devices.  You can change this by adding your user to the 'vboxusers' group.  Please see the user manual for a more detailed explanation}, preserve=true aResultDetail=0
00:00:13.840039 DCon05   WARNING [COM]: aRC=NS_ERROR_FAILURE (0x80004005) aIID={d5dcece0-b202-4416-a138-03502784cc07} aComponent={HostWrap} aText={VirtualBox is not currently allowed to access USB devices.  You can change this by adding your user to the 'vboxusers' group.  Please see the user manual for a more detailed explanation}, preserve=true aResultDetail=0
00:00:13.868797 DCon08   WARNING [COM]: aRC=NS_ERROR_FAILURE (0x80004005) aIID={d5dcece0-b202-4416-a138-03502784cc07} aComponent={HostWrap} aText={VirtualBox is not currently allowed to access USB devices.  You can change this by adding your user to the 'vboxusers' group.  Please see the user manual for a more detailed explanation}, preserve=true aResultDetail=0
00:00:13.877052 DCon13   ERROR [COM]: aRC=VBOX_E_OBJECT_NOT_FOUND (0x80bb0001) aIID={5bfd8965-b81b-469f-8649-f717ce97a5d5} aComponent={NvramStoreWrap} aText={The UEFI NVRAM file is not existing for this machine}, preserve=false aResultDetail=0
00:00:13.897784 DCon13   ERROR [COM]: aRC=VBOX_E_INVALID_VM_STATE (0x80bb0002) aIID={e36a5081-a82a-40bd-9e4e-42a44d6ce50f} aComponent={MachineWrap} aText={The machine is not mutable, saved or running (state is Starting)}, preserve=false aResultDetail=0
00:00:13.929472 DCon05   WARNING [COM]: aRC=NS_ERROR_FAILURE (0x80004005) aIID={d5dcece0-b202-4416-a138-03502784cc07} aComponent={HostWrap} aText={VirtualBox is not currently allowed to access USB devices.  You can change this by adding your user to the 'vboxusers' group.  Please see the user manual for a more detailed explanation}, preserve=true aResultDetail=0
00:00:13.930827 DCon05   WARNING [COM]: aRC=NS_ERROR_FAILURE (0x80004005) aIID={d5dcece0-b202-4416-a138-03502784cc07} aComponent={HostWrap} aText={VirtualBox is not currently allowed to access USB devices.  You can change this by adding your user to the 'vboxusers' group.  Please see the user manual for a more detailed explanation}, preserve=true aResultDetail=0
00:00:13.932806 DCon05   ERROR [COM]: aRC=NS_ERROR_FAILURE (0x80004005) aIID={83cfdc66-4f20-4569-ad39-8722f7d472b3} aComponent={RecordingSettingsWrap} aText={Recording not started}, preserve=false aResultDetail=0
00:00:13.937780 DCon05   WARNING [COM]: aRC=NS_ERROR_FAILURE (0x80004005) aIID={d5dcece0-b202-4416-a138-03502784cc07} aComponent={HostWrap} aText={VirtualBox is not currently allowed to access USB devices.  You can change this by adding your user to the 'vboxusers' group.  Please see the user manual for a more detailed explanation}, preserve=true aResultDetail=0
00:00:13.939741 DCon05   WARNING [COM]: aRC=NS_ERROR_FAILURE (0x80004005) aIID={d5dcece0-b202-4416-a138-03502784cc07} aComponent={HostWrap} aText={VirtualBox is not currently allowed to access USB devices.  You can change this by adding your user to the 'vboxusers' group.  Please see the user manual for a more detailed explanation}, preserve=true aResultDetail=0
00:00:13.942852 DCon13   Saving settings file "/home/gyom/VirtualBox_VMs/win7-opcom/win7-opcom.vbox" with version "1.19-linux"
00:00:13.946350 DCon13   Finished saving settings file "/home/gyom/VirtualBox_VMs/win7-opcom/win7-opcom.vbox"
00:00:13.960965 DCon10   ERROR [COM]: aRC=VBOX_E_OBJECT_NOT_FOUND (0x80bb0001) aIID={5bfd8965-b81b-469f-8649-f717ce97a5d5} aComponent={NvramStoreWrap} aText={The UEFI NVRAM file is not existing for this machine}, preserve=false aResultDetail=0
00:00:14.037615 DCon10   ERROR [COM]: aRC=VBOX_E_INVALID_VM_STATE (0x80bb0002) aIID={e36a5081-a82a-40bd-9e4e-42a44d6ce50f} aComponent={MachineWrap} aText={The machine is not mutable, saved or running (state is Starting)}, preserve=false aResultDetail=0
00:00:14.064472 DCon10   WARNING [COM]: aRC=NS_ERROR_FAILURE (0x80004005) aIID={d5dcece0-b202-4416-a138-03502784cc07} aComponent={HostWrap} aText={VirtualBox is not currently allowed to access USB devices.  You can change this by adding your user to the 'vboxusers' group.  Please see the user manual for a more detailed explanation}, preserve=true aResultDetail=0
00:00:14.067501 DCon09   WARNING [COM]: aRC=NS_ERROR_FAILURE (0x80004005) aIID={d5dcece0-b202-4416-a138-03502784cc07} aComponent={HostWrap} aText={VirtualBox is not currently allowed to access USB devices.  You can change this by adding your user to the 'vboxusers' group.  Please see the user manual for a more detailed explanation}, preserve=true aResultDetail=0
00:00:14.097964 DCon10   ERROR [COM]: aRC=VBOX_E_OBJECT_NOT_FOUND (0x80bb0001) aIID={7d510820-a678-4730-a862-818dcd3fbed0} aComponent={MediumWrap} aText={Property 'CRYPT/KeyId' does not exist}, preserve=false aResultDetail=0
00:00:14.101005 DCon10   ERROR [COM]: aRC=VBOX_E_OBJECT_NOT_FOUND (0x80bb0001) aIID={7d510820-a678-4730-a862-818dcd3fbed0} aComponent={MediumWrap} aText={Property 'CRYPT/KeyId' does not exist}, preserve=false aResultDetail=0
00:00:14.102847 DCon10   HostDnsMonitorProxy::GetDomainName: .
00:00:14.103011 DCon10   HostDnsMonitorProxy::GetNameServers:
00:00:14.103022 DCon10     name server 1: 192.168.0.1
00:00:14.103030 DCon10     name server 2: 10.255.255.2
00:00:14.103196 DCon10   HostDnsMonitorProxy::GetSearchStrings:
00:00:14.103208 DCon10     search string 1: .
00:00:14.125853 DCon10   WARNING [COM]: aRC=NS_ERROR_FAILURE (0x80004005) aIID={d5dcece0-b202-4416-a138-03502784cc07} aComponent={HostWrap} aText={VirtualBox is not currently allowed to access USB devices.  You can change this by adding your user to the 'vboxusers' group.  Please see the user manual for a more detailed explanation}, preserve=true aResultDetail=0
00:00:14.127436 DCon10   WARNING [COM]: aRC=NS_ERROR_FAILURE (0x80004005) aIID={d5dcece0-b202-4416-a138-03502784cc07} aComponent={HostWrap} aText={VirtualBox is not currently allowed to access USB devices.  You can change this by adding your user to the 'vboxusers' group.  Please see the user manual for a more detailed explanation}, preserve=true aResultDetail=0
00:00:14.129966 DCon10   ERROR [COM]: aRC=NS_ERROR_FAILURE (0x80004005) aIID={83cfdc66-4f20-4569-ad39-8722f7d472b3} aComponent={RecordingSettingsWrap} aText={Recording not started}, preserve=false aResultDetail=0
00:00:14.136052 DCon09   WARNING [COM]: aRC=NS_ERROR_FAILURE (0x80004005) aIID={d5dcece0-b202-4416-a138-03502784cc07} aComponent={HostWrap} aText={VirtualBox is not currently allowed to access USB devices.  You can change this by adding your user to the 'vboxusers' group.  Please see the user manual for a more detailed explanation}, preserve=true aResultDetail=0
00:00:14.172001 DCon10   ERROR [COM]: aRC=VBOX_E_OBJECT_NOT_FOUND (0x80bb0001) aIID={5bfd8965-b81b-469f-8649-f717ce97a5d5} aComponent={NvramStoreWrap} aText={The UEFI NVRAM file is not existing for this machine}, preserve=false aResultDetail=0
00:00:14.221051 DCon09   ERROR [COM]: aRC=VBOX_E_INVALID_VM_STATE (0x80bb0002) aIID={e36a5081-a82a-40bd-9e4e-42a44d6ce50f} aComponent={MachineWrap} aText={The machine is not mutable, saved or running (state is Running)}, preserve=false aResultDetail=0
00:00:14.262441 DCon10   WARNING [COM]: aRC=NS_ERROR_FAILURE (0x80004005) aIID={d5dcece0-b202-4416-a138-03502784cc07} aComponent={HostWrap} aText={VirtualBox is not currently allowed to access USB devices.  You can change this by adding your user to the 'vboxusers' group.  Please see the user manual for a more detailed explanation}, preserve=true aResultDetail=0
00:00:14.265142 DCon10   WARNING [COM]: aRC=NS_ERROR_FAILURE (0x80004005) aIID={d5dcece0-b202-4416-a138-03502784cc07} aComponent={HostWrap} aText={VirtualBox is not currently allowed to access USB devices.  You can change this by adding your user to the 'vboxusers' group.  Please see the user manual for a more detailed explanation}, preserve=true aResultDetail=0
00:00:14.288564 DCon10   Saving settings file "/home/gyom/VirtualBox_VMs/win7-opcom/win7-opcom.vbox" with version "1.19-linux"
00:00:14.292245 DCon10   Finished saving settings file "/home/gyom/VirtualBox_VMs/win7-opcom/win7-opcom.vbox"
00:00:14.292535 DCon09   Saving settings file "/home/gyom/.config/VirtualBox/VirtualBox.xml" with version "1.12-linux"
00:00:14.295501 DCon09   Finished saving settings file "/home/gyom/.config/VirtualBox/VirtualBox.xml"
00:00:14.304850 DCon09   ERROR [COM]: aRC=VBOX_E_OBJECT_NOT_FOUND (0x80bb0001) aIID={5bfd8965-b81b-469f-8649-f717ce97a5d5} aComponent={NvramStoreWrap} aText={The UEFI NVRAM file is not existing for this machine}, preserve=false aResultDetail=0
00:00:14.319651 DCon05   ERROR [COM]: aRC=VBOX_E_INVALID_VM_STATE (0x80bb0002) aIID={e36a5081-a82a-40bd-9e4e-42a44d6ce50f} aComponent={MachineWrap} aText={The machine is not mutable, saved or running (state is Running)}, preserve=false aResultDetail=0
00:00:14.331006 DCon05   WARNING [COM]: aRC=NS_ERROR_FAILURE (0x80004005) aIID={d5dcece0-b202-4416-a138-03502784cc07} aComponent={HostWrap} aText={VirtualBox is not currently allowed to access USB devices.  You can change this by adding your user to the 'vboxusers' group.  Please see the user manual for a more detailed explanation}, preserve=true aResultDetail=0
00:00:14.332419 DCon05   WARNING [COM]: aRC=NS_ERROR_FAILURE (0x80004005) aIID={d5dcece0-b202-4416-a138-03502784cc07} aComponent={HostWrap} aText={VirtualBox is not currently allowed to access USB devices.  You can change this by adding your user to the 'vboxusers' group.  Please see the user manual for a more detailed explanation}, preserve=true aResultDetail=0
00:00:31.257358 DCon05   Saving settings file "/home/gyom/VirtualBox_VMs/win7-opcom/win7-opcom.vbox" with version "1.19-linux"
00:00:31.261033 DCon05   Finished saving settings file "/home/gyom/VirtualBox_VMs/win7-opcom/win7-opcom.vbox"
00:00:31.270407 DCon09   ERROR [COM]: aRC=VBOX_E_OBJECT_NOT_FOUND (0x80bb0001) aIID={5bfd8965-b81b-469f-8649-f717ce97a5d5} aComponent={NvramStoreWrap} aText={The UEFI NVRAM file is not existing for this machine}, preserve=false aResultDetail=0
00:00:31.283823 DCon06   ERROR [COM]: aRC=VBOX_E_INVALID_VM_STATE (0x80bb0002) aIID={e36a5081-a82a-40bd-9e4e-42a44d6ce50f} aComponent={MachineWrap} aText={The machine is not mutable, saved or running (state is Running)}, preserve=false aResultDetail=0
00:00:31.293602 DCon06   WARNING [COM]: aRC=NS_ERROR_FAILURE (0x80004005) aIID={d5dcece0-b202-4416-a138-03502784cc07} aComponent={HostWrap} aText={VirtualBox is not currently allowed to access USB devices.  You can change this by adding your user to the 'vboxusers' group.  Please see the user manual for a more detailed explanation}, preserve=true aResultDetail=0
00:00:31.294753 DCon06   WARNING [COM]: aRC=NS_ERROR_FAILURE (0x80004005) aIID={d5dcece0-b202-4416-a138-03502784cc07} aComponent={HostWrap} aText={VirtualBox is not currently allowed to access USB devices.  You can change this by adding your user to the 'vboxusers' group.  Please see the user manual for a more detailed explanation}, preserve=true aResultDetail=0
00:00:45.120088 DCon02   Saving settings file "/home/gyom/VirtualBox_VMs/win7-opcom/win7-opcom.vbox" with version "1.19-linux"
00:00:45.123707 DCon02   Finished saving settings file "/home/gyom/VirtualBox_VMs/win7-opcom/win7-opcom.vbox"
00:00:45.236163 DCon17   ERROR [COM]: aRC=VBOX_E_OBJECT_NOT_FOUND (0x80bb0001) aIID={5bfd8965-b81b-469f-8649-f717ce97a5d5} aComponent={NvramStoreWrap} aText={The UEFI NVRAM file is not existing for this machine}, preserve=false aResultDetail=0
00:00:45.250796 DCon17   ERROR [COM]: aRC=VBOX_E_INVALID_VM_STATE (0x80bb0002) aIID={e36a5081-a82a-40bd-9e4e-42a44d6ce50f} aComponent={MachineWrap} aText={The machine is not mutable, saved or running (state is Running)}, preserve=false aResultDetail=0
00:00:45.260471 DCon17   WARNING [COM]: aRC=NS_ERROR_FAILURE (0x80004005) aIID={d5dcece0-b202-4416-a138-03502784cc07} aComponent={HostWrap} aText={VirtualBox is not currently allowed to access USB devices.  You can change this by adding your user to the 'vboxusers' group.  Please see the user manual for a more detailed explanation}, preserve=true aResultDetail=0
00:00:45.261737 DCon17   WARNING [COM]: aRC=NS_ERROR_FAILURE (0x80004005) aIID={d5dcece0-b202-4416-a138-03502784cc07} aComponent={HostWrap} aText={VirtualBox is not currently allowed to access USB devices.  You can change this by adding your user to the 'vboxusers' group.  Please see the user manual for a more detailed explanation}, preserve=true aResultDetail=0
00:00:45.475101 DCon17   Saving settings file "/home/gyom/.config/VirtualBox/VirtualBox.xml" with version "1.12-linux"
00:00:45.478585 DCon17   Finished saving settings file "/home/gyom/.config/VirtualBox/VirtualBox.xml"
00:00:45.483975 DCon06   Saving settings file "/home/gyom/VirtualBox_VMs/win7-opcom/win7-opcom.vbox" with version "1.19-linux"
00:00:45.487502 DCon06   Finished saving settings file "/home/gyom/VirtualBox_VMs/win7-opcom/win7-opcom.vbox"
00:00:45.499795 DCon19   ERROR [COM]: aRC=VBOX_E_OBJECT_NOT_FOUND (0x80bb0001) aIID={5bfd8965-b81b-469f-8649-f717ce97a5d5} aComponent={NvramStoreWrap} aText={The UEFI NVRAM file is not existing for this machine}, preserve=false aResultDetail=0
00:00:45.516284 DCon21   ERROR [COM]: aRC=VBOX_E_INVALID_VM_STATE (0x80bb0002) aIID={e36a5081-a82a-40bd-9e4e-42a44d6ce50f} aComponent={MachineWrap} aText={The machine is not mutable, saved or running (state is Running)}, preserve=false aResultDetail=0
00:00:45.527813 DCon21   WARNING [COM]: aRC=NS_ERROR_FAILURE (0x80004005) aIID={d5dcece0-b202-4416-a138-03502784cc07} aComponent={HostWrap} aText={VirtualBox is not currently allowed to access USB devices.  You can change this by adding your user to the 'vboxusers' group.  Please see the user manual for a more detailed explanation}, preserve=true aResultDetail=0
00:00:45.529379 DCon21   WARNING [COM]: aRC=NS_ERROR_FAILURE (0x80004005) aIID={d5dcece0-b202-4416-a138-03502784cc07} aComponent={HostWrap} aText={VirtualBox is not currently allowed to access USB devices.  You can change this by adding your user to the 'vboxusers' group.  Please see the user manual for a more detailed explanation}, preserve=true aResultDetail=0
00:00:48.338924 DCon21   Saving settings file "/home/gyom/VirtualBox_VMs/win7-opcom/win7-opcom.vbox" with version "1.19-linux"
00:00:48.342747 DCon21   Finished saving settings file "/home/gyom/VirtualBox_VMs/win7-opcom/win7-opcom.vbox"
00:00:48.352687 DCon21   ERROR [COM]: aRC=VBOX_E_OBJECT_NOT_FOUND (0x80bb0001) aIID={5bfd8965-b81b-469f-8649-f717ce97a5d5} aComponent={NvramStoreWrap} aText={The UEFI NVRAM file is not existing for this machine}, preserve=false aResultDetail=0
00:00:48.366374 DCon21   ERROR [COM]: aRC=VBOX_E_INVALID_VM_STATE (0x80bb0002) aIID={e36a5081-a82a-40bd-9e4e-42a44d6ce50f} aComponent={MachineWrap} aText={The machine is not mutable, saved or running (state is Running)}, preserve=false aResultDetail=0
00:00:48.376296 DCon21   WARNING [COM]: aRC=NS_ERROR_FAILURE (0x80004005) aIID={d5dcece0-b202-4416-a138-03502784cc07} aComponent={HostWrap} aText={VirtualBox is not currently allowed to access USB devices.  You can change this by adding your user to the 'vboxusers' group.  Please see the user manual for a more detailed explanation}, preserve=true aResultDetail=0
00:00:48.377464 DCon21   WARNING [COM]: aRC=NS_ERROR_FAILURE (0x80004005) aIID={d5dcece0-b202-4416-a138-03502784cc07} aComponent={HostWrap} aText={VirtualBox is not currently allowed to access USB devices.  You can change this by adding your user to the 'vboxusers' group.  Please see the user manual for a more detailed explanation}, preserve=true aResultDetail=0
00:00:57.539022 DCon15   Saving settings file "/home/gyom/VirtualBox_VMs/win7-opcom/win7-opcom.vbox" with version "1.19-linux"
00:00:57.542053 DCon15   Finished saving settings file "/home/gyom/VirtualBox_VMs/win7-opcom/win7-opcom.vbox"
00:00:57.550888 DCon02   ERROR [COM]: aRC=VBOX_E_OBJECT_NOT_FOUND (0x80bb0001) aIID={5bfd8965-b81b-469f-8649-f717ce97a5d5} aComponent={NvramStoreWrap} aText={The UEFI NVRAM file is not existing for this machine}, preserve=false aResultDetail=0
00:00:57.563993 DCon17   ERROR [COM]: aRC=VBOX_E_INVALID_VM_STATE (0x80bb0002) aIID={e36a5081-a82a-40bd-9e4e-42a44d6ce50f} aComponent={MachineWrap} aText={The machine is not mutable, saved or running (state is Running)}, preserve=false aResultDetail=0
00:00:57.573192 DCon17   WARNING [COM]: aRC=NS_ERROR_FAILURE (0x80004005) aIID={d5dcece0-b202-4416-a138-03502784cc07} aComponent={HostWrap} aText={VirtualBox is not currently allowed to access USB devices.  You can change this by adding your user to the 'vboxusers' group.  Please see the user manual for a more detailed explanation}, preserve=true aResultDetail=0
00:00:57.574324 DCon17   WARNING [COM]: aRC=NS_ERROR_FAILURE (0x80004005) aIID={d5dcece0-b202-4416-a138-03502784cc07} aComponent={HostWrap} aText={VirtualBox is not currently allowed to access USB devices.  You can change this by adding your user to the 'vboxusers' group.  Please see the user manual for a more detailed explanation}, preserve=true aResultDetail=0
00:01:22.378039 DCon18   Saving settings file "/home/gyom/VirtualBox_VMs/win7-opcom/win7-opcom.vbox" with version "1.19-linux"
00:01:22.382300 DCon18   Finished saving settings file "/home/gyom/VirtualBox_VMs/win7-opcom/win7-opcom.vbox"
00:01:22.391545 DCon30   ERROR [COM]: aRC=VBOX_E_OBJECT_NOT_FOUND (0x80bb0001) aIID={5bfd8965-b81b-469f-8649-f717ce97a5d5} aComponent={NvramStoreWrap} aText={The UEFI NVRAM file is not existing for this machine}, preserve=false aResultDetail=0
00:01:22.404713 DCon32   ERROR [COM]: aRC=VBOX_E_INVALID_VM_STATE (0x80bb0002) aIID={e36a5081-a82a-40bd-9e4e-42a44d6ce50f} aComponent={MachineWrap} aText={The machine is not mutable, saved or running (state is Running)}, preserve=false aResultDetail=0
00:01:22.414304 DCon32   WARNING [COM]: aRC=NS_ERROR_FAILURE (0x80004005) aIID={d5dcece0-b202-4416-a138-03502784cc07} aComponent={HostWrap} aText={VirtualBox is not currently allowed to access USB devices.  You can change this by adding your user to the 'vboxusers' group.  Please see the user manual for a more detailed explanation}, preserve=true aResultDetail=0
00:01:22.415454 DCon32   WARNING [COM]: aRC=NS_ERROR_FAILURE (0x80004005) aIID={d5dcece0-b202-4416-a138-03502784cc07} aComponent={HostWrap} aText={VirtualBox is not currently allowed to access USB devices.  You can change this by adding your user to the 'vboxusers' group.  Please see the user manual for a more detailed explanation}, preserve=true aResultDetail=0
00:01:24.264471 DCon32   Saving settings file "/home/gyom/VirtualBox_VMs/win7-opcom/win7-opcom.vbox" with version "1.19-linux"
00:01:24.275445 DCon32   Finished saving settings file "/home/gyom/VirtualBox_VMs/win7-opcom/win7-opcom.vbox"
00:01:24.275723 DCon30   Saving settings file "/home/gyom/.config/VirtualBox/VirtualBox.xml" with version "1.12-linux"
00:01:24.280160 DCon30   Finished saving settings file "/home/gyom/.config/VirtualBox/VirtualBox.xml"
00:01:24.288513 DCon02   ERROR [COM]: aRC=VBOX_E_OBJECT_NOT_FOUND (0x80bb0001) aIID={5bfd8965-b81b-469f-8649-f717ce97a5d5} aComponent={NvramStoreWrap} aText={The UEFI NVRAM file is not existing for this machine}, preserve=false aResultDetail=0
00:01:24.302417 DCon02   ERROR [COM]: aRC=VBOX_E_INVALID_VM_STATE (0x80bb0002) aIID={e36a5081-a82a-40bd-9e4e-42a44d6ce50f} aComponent={MachineWrap} aText={The machine is not mutable, saved or running (state is Running)}, preserve=false aResultDetail=0
00:01:24.312706 DCon02   WARNING [COM]: aRC=NS_ERROR_FAILURE (0x80004005) aIID={d5dcece0-b202-4416-a138-03502784cc07} aComponent={HostWrap} aText={VirtualBox is not currently allowed to access USB devices.  You can change this by adding your user to the 'vboxusers' group.  Please see the user manual for a more detailed explanation}, preserve=true aResultDetail=0
00:01:24.313795 DCon02   WARNING [COM]: aRC=NS_ERROR_FAILURE (0x80004005) aIID={d5dcece0-b202-4416-a138-03502784cc07} aComponent={HostWrap} aText={VirtualBox is not currently allowed to access USB devices.  You can change this by adding your user to the 'vboxusers' group.  Please see the user manual for a more detailed explanation}, preserve=true aResultDetail=0
00:01:41.791553 DCon14   WARNING [COM]: aRC=NS_ERROR_FAILURE (0x80004005) aIID={d5dcece0-b202-4416-a138-03502784cc07} aComponent={HostWrap} aText={VirtualBox is not currently allowed to access USB devices.  You can change this by adding your user to the 'vboxusers' group.  Please see the user manual for a more detailed explanation}, preserve=true aResultDetail=0
00:01:42.545553 DCon21   ERROR [COM]: aRC=VBOX_E_OBJECT_NOT_FOUND (0x80bb0001) aIID={5bfd8965-b81b-469f-8649-f717ce97a5d5} aComponent={NvramStoreWrap} aText={The UEFI NVRAM file is not existing for this machine}, preserve=false aResultDetail=0
00:01:42.896280 DCon14   NetIfAdpCtlOut: VBoxNetAdpCtl: Error while retrieving link speed for wlp3s0: VBoxNetAdpCtl: ioctl failed: Operation not supported
00:01:42.910836 DCon14   NetIfAdpCtlOut: VBoxNetAdpCtl: Error while retrieving link speed for wlp3s0: VBoxNetAdpCtl: ioctl failed: Operation not supported
00:01:42.924358 DCon14   WARNING [COM]: aRC=NS_ERROR_FAILURE (0x80004005) aIID={d5dcece0-b202-4416-a138-03502784cc07} aComponent={HostWrap} aText={VirtualBox is not currently allowed to access USB devices.  You can change this by adding your user to the 'vboxusers' group.  Please see the user manual for a more detailed explanation}, preserve=true aResultDetail=0
00:01:42.924920 DCon14   WARNING [COM]: aRC=NS_ERROR_FAILURE (0x80004005) aIID={d5dcece0-b202-4416-a138-03502784cc07} aComponent={HostWrap} aText={VirtualBox is not currently allowed to access USB devices.  You can change this by adding your user to the 'vboxusers' group.  Please see the user manual for a more detailed explanation}, preserve=true aResultDetail=0
00:01:43.063046 DCon21   Saving settings file "/home/gyom/.config/VirtualBox/VirtualBox.xml" with version "1.12-linux"
00:01:43.065782 DCon21   Finished saving settings file "/home/gyom/.config/VirtualBox/VirtualBox.xml"
00:01:54.263132 DCon21   Saving settings file "/home/gyom/.config/VirtualBox/VirtualBox.xml" with version "1.12-linux"
00:01:54.266249 DCon21   Finished saving settings file "/home/gyom/.config/VirtualBox/VirtualBox.xml"
00:02:18.568945 DCon14   Saving settings file "/home/gyom/VirtualBox_VMs/win7-opcom/win7-opcom.vbox" with version "1.19-linux"
00:02:18.572856 DCon14   Finished saving settings file "/home/gyom/VirtualBox_VMs/win7-opcom/win7-opcom.vbox"
00:02:18.582367 DCon14   ERROR [COM]: aRC=VBOX_E_OBJECT_NOT_FOUND (0x80bb0001) aIID={5bfd8965-b81b-469f-8649-f717ce97a5d5} aComponent={NvramStoreWrap} aText={The UEFI NVRAM file is not existing for this machine}, preserve=false aResultDetail=0
00:02:18.597916 DCon14   ERROR [COM]: aRC=VBOX_E_INVALID_VM_STATE (0x80bb0002) aIID={e36a5081-a82a-40bd-9e4e-42a44d6ce50f} aComponent={MachineWrap} aText={The machine is not mutable, saved or running (state is Running)}, preserve=false aResultDetail=0
00:02:18.613660 DCon14   WARNING [COM]: aRC=NS_ERROR_FAILURE (0x80004005) aIID={d5dcece0-b202-4416-a138-03502784cc07} aComponent={HostWrap} aText={VirtualBox is not currently allowed to access USB devices.  You can change this by adding your user to the 'vboxusers' group.  Please see the user manual for a more detailed explanation}, preserve=true aResultDetail=0
00:02:18.614975 DCon14   WARNING [COM]: aRC=NS_ERROR_FAILURE (0x80004005) aIID={d5dcece0-b202-4416-a138-03502784cc07} aComponent={HostWrap} aText={VirtualBox is not currently allowed to access USB devices.  You can change this by adding your user to the 'vboxusers' group.  Please see the user manual for a more detailed explanation}, preserve=true aResultDetail=0
00:02:21.030180 DCon33   Saving settings file "/home/gyom/VirtualBox_VMs/win7-opcom/win7-opcom.vbox" with version "1.19-linux"
00:02:21.033766 DCon33   Finished saving settings file "/home/gyom/VirtualBox_VMs/win7-opcom/win7-opcom.vbox"
00:02:21.043333 DCon30   ERROR [COM]: aRC=VBOX_E_OBJECT_NOT_FOUND (0x80bb0001) aIID={5bfd8965-b81b-469f-8649-f717ce97a5d5} aComponent={NvramStoreWrap} aText={The UEFI NVRAM file is not existing for this machine}, preserve=false aResultDetail=0
00:02:21.059827 DCon31   ERROR [COM]: aRC=VBOX_E_INVALID_VM_STATE (0x80bb0002) aIID={e36a5081-a82a-40bd-9e4e-42a44d6ce50f} aComponent={MachineWrap} aText={The machine is not mutable, saved or running (state is Running)}, preserve=false aResultDetail=0
00:02:21.072756 DCon31   WARNING [COM]: aRC=NS_ERROR_FAILURE (0x80004005) aIID={d5dcece0-b202-4416-a138-03502784cc07} aComponent={HostWrap} aText={VirtualBox is not currently allowed to access USB devices.  You can change this by adding your user to the 'vboxusers' group.  Please see the user manual for a more detailed explanation}, preserve=true aResultDetail=0
00:02:21.074241 DCon31   WARNING [COM]: aRC=NS_ERROR_FAILURE (0x80004005) aIID={d5dcece0-b202-4416-a138-03502784cc07} aComponent={HostWrap} aText={VirtualBox is not currently allowed to access USB devices.  You can change this by adding your user to the 'vboxusers' group.  Please see the user manual for a more detailed explanation}, preserve=true aResultDetail=0
00:02:52.969053 DCon30   WARNING [COM]: aRC=NS_ERROR_FAILURE (0x80004005) aIID={d5dcece0-b202-4416-a138-03502784cc07} aComponent={HostWrap} aText={VirtualBox is not currently allowed to access USB devices.  You can change this by adding your user to the 'vboxusers' group.  Please see the user manual for a more detailed explanation}, preserve=true aResultDetail=0
00:02:52.970334 DCon30   WARNING [COM]: aRC=NS_ERROR_FAILURE (0x80004005) aIID={d5dcece0-b202-4416-a138-03502784cc07} aComponent={HostWrap} aText={VirtualBox is not currently allowed to access USB devices.  You can change this by adding your user to the 'vboxusers' group.  Please see the user manual for a more detailed explanation}, preserve=true aResultDetail=0
00:02:52.975765 DCon30   ERROR [COM]: aRC=NS_ERROR_FAILURE (0x80004005) aIID={83cfdc66-4f20-4569-ad39-8722f7d472b3} aComponent={RecordingSettingsWrap} aText={Recording not started}, preserve=false aResultDetail=0
00:02:53.014216 DCon33   Saving settings file "/home/gyom/VirtualBox_VMs/win7-opcom/win7-opcom.vbox" with version "1.19-linux"
00:02:53.017663 DCon33   Finished saving settings file "/home/gyom/VirtualBox_VMs/win7-opcom/win7-opcom.vbox"
00:02:53.082529 DCon37   ERROR [COM]: aRC=VBOX_E_OBJECT_NOT_FOUND (0x80bb0001) aIID={5bfd8965-b81b-469f-8649-f717ce97a5d5} aComponent={NvramStoreWrap} aText={The UEFI NVRAM file is not existing for this machine}, preserve=false aResultDetail=0
00:02:53.098720 DCon37   ERROR [COM]: aRC=VBOX_E_INVALID_VM_STATE (0x80bb0002) aIID={e36a5081-a82a-40bd-9e4e-42a44d6ce50f} aComponent={MachineWrap} aText={The machine is not mutable, saved or running (state is Running)}, preserve=false aResultDetail=0
00:02:53.116994 DCon37   WARNING [COM]: aRC=NS_ERROR_FAILURE (0x80004005) aIID={d5dcece0-b202-4416-a138-03502784cc07} aComponent={HostWrap} aText={VirtualBox is not currently allowed to access USB devices.  You can change this by adding your user to the 'vboxusers' group.  Please see the user manual for a more detailed explanation}, preserve=true aResultDetail=0
00:02:53.118146 DCon37   WARNING [COM]: aRC=NS_ERROR_FAILURE (0x80004005) aIID={d5dcece0-b202-4416-a138-03502784cc07} aComponent={HostWrap} aText={VirtualBox is not currently allowed to access USB devices.  You can change this by adding your user to the 'vboxusers' group.  Please see the user manual for a more detailed explanation}, preserve=true aResultDetail=0
00:02:53.349742 DCon02   Saving settings file "/home/gyom/VirtualBox_VMs/win7-opcom/win7-opcom.vbox" with version "1.19-linux"
00:02:53.352759 DCon02   Finished saving settings file "/home/gyom/VirtualBox_VMs/win7-opcom/win7-opcom.vbox"
00:02:53.361178 DCon33   ERROR [COM]: aRC=VBOX_E_OBJECT_NOT_FOUND (0x80bb0001) aIID={5bfd8965-b81b-469f-8649-f717ce97a5d5} aComponent={NvramStoreWrap} aText={The UEFI NVRAM file is not existing for this machine}, preserve=false aResultDetail=0
00:02:53.374840 DCon37   ERROR [COM]: aRC=VBOX_E_INVALID_VM_STATE (0x80bb0002) aIID={e36a5081-a82a-40bd-9e4e-42a44d6ce50f} aComponent={MachineWrap} aText={The machine is not mutable, saved or running (state is Running)}, preserve=false aResultDetail=0
00:02:53.384936 DCon37   WARNING [COM]: aRC=NS_ERROR_FAILURE (0x80004005) aIID={d5dcece0-b202-4416-a138-03502784cc07} aComponent={HostWrap} aText={VirtualBox is not currently allowed to access USB devices.  You can change this by adding your user to the 'vboxusers' group.  Please see the user manual for a more detailed explanation}, preserve=true aResultDetail=0
00:02:53.386041 DCon37   WARNING [COM]: aRC=NS_ERROR_FAILURE (0x80004005) aIID={d5dcece0-b202-4416-a138-03502784cc07} aComponent={HostWrap} aText={VirtualBox is not currently allowed to access USB devices.  You can change this by adding your user to the 'vboxusers' group.  Please see the user manual for a more detailed explanation}, preserve=true aResultDetail=0
00:03:16.545707 DCon33   Saving settings file "/home/gyom/VirtualBox_VMs/win7-opcom/win7-opcom.vbox" with version "1.19-linux"
00:03:16.548841 DCon33   Finished saving settings file "/home/gyom/VirtualBox_VMs/win7-opcom/win7-opcom.vbox"
00:03:16.557981 DCon43   ERROR [COM]: aRC=VBOX_E_OBJECT_NOT_FOUND (0x80bb0001) aIID={5bfd8965-b81b-469f-8649-f717ce97a5d5} aComponent={NvramStoreWrap} aText={The UEFI NVRAM file is not existing for this machine}, preserve=false aResultDetail=0
00:03:16.564278 DCon42   Saving settings file "/home/gyom/VirtualBox_VMs/win7-opcom/win7-opcom.vbox" with version "1.19-linux"
00:03:16.567339 DCon42   Finished saving settings file "/home/gyom/VirtualBox_VMs/win7-opcom/win7-opcom.vbox"
00:03:16.580565 DCon38   ERROR [COM]: aRC=VBOX_E_OBJECT_NOT_FOUND (0x80bb0001) aIID={5bfd8965-b81b-469f-8649-f717ce97a5d5} aComponent={NvramStoreWrap} aText={The UEFI NVRAM file is not existing for this machine}, preserve=false aResultDetail=0
00:03:16.594878 DCon38   ERROR [COM]: aRC=VBOX_E_INVALID_VM_STATE (0x80bb0002) aIID={e36a5081-a82a-40bd-9e4e-42a44d6ce50f} aComponent={MachineWrap} aText={The machine is not mutable, saved or running (state is Running)}, preserve=false aResultDetail=0
00:03:16.605582 DCon38   WARNING [COM]: aRC=NS_ERROR_FAILURE (0x80004005) aIID={d5dcece0-b202-4416-a138-03502784cc07} aComponent={HostWrap} aText={VirtualBox is not currently allowed to access USB devices.  You can change this by adding your user to the 'vboxusers' group.  Please see the user manual for a more detailed explanation}, preserve=true aResultDetail=0
00:03:16.606811 DCon38   WARNING [COM]: aRC=NS_ERROR_FAILURE (0x80004005) aIID={d5dcece0-b202-4416-a138-03502784cc07} aComponent={HostWrap} aText={VirtualBox is not currently allowed to access USB devices.  You can change this by adding your user to the 'vboxusers' group.  Please see the user manual for a more detailed explanation}, preserve=true aResultDetail=0
00:03:18.164543 DCon42   Saving settings file "/home/gyom/VirtualBox_VMs/win7-opcom/win7-opcom.vbox" with version "1.19-linux"
00:03:18.167983 DCon42   Finished saving settings file "/home/gyom/VirtualBox_VMs/win7-opcom/win7-opcom.vbox"
00:03:18.175154 DCon38   Saving settings file "/home/gyom/VirtualBox_VMs/win7-opcom/win7-opcom.vbox" with version "1.19-linux"
00:03:18.178031 DCon38   Finished saving settings file "/home/gyom/VirtualBox_VMs/win7-opcom/win7-opcom.vbox"
00:03:18.182865 DCon41   ERROR [COM]: aRC=VBOX_E_OBJECT_NOT_FOUND (0x80bb0001) aIID={5bfd8965-b81b-469f-8649-f717ce97a5d5} aComponent={NvramStoreWrap} aText={The UEFI NVRAM file is not existing for this machine}, preserve=false aResultDetail=0
00:03:18.203512 DCon45   ERROR [COM]: aRC=VBOX_E_INVALID_VM_STATE (0x80bb0002) aIID={e36a5081-a82a-40bd-9e4e-42a44d6ce50f} aComponent={MachineWrap} aText={The machine is not mutable, saved or running (state is Running)}, preserve=false aResultDetail=0
00:03:18.214517 DCon45   WARNING [COM]: aRC=NS_ERROR_FAILURE (0x80004005) aIID={d5dcece0-b202-4416-a138-03502784cc07} aComponent={HostWrap} aText={VirtualBox is not currently allowed to access USB devices.  You can change this by adding your user to the 'vboxusers' group.  Please see the user manual for a more detailed explanation}, preserve=true aResultDetail=0
00:03:18.215752 DCon45   WARNING [COM]: aRC=NS_ERROR_FAILURE (0x80004005) aIID={d5dcece0-b202-4416-a138-03502784cc07} aComponent={HostWrap} aText={VirtualBox is not currently allowed to access USB devices.  You can change this by adding your user to the 'vboxusers' group.  Please see the user manual for a more detailed explanation}, preserve=true aResultDetail=0
00:03:21.595095 DCon45   Saving settings file "/home/gyom/.config/VirtualBox/VirtualBox.xml" with version "1.12-linux"
00:03:21.597803 DCon45   Finished saving settings file "/home/gyom/.config/VirtualBox/VirtualBox.xml"
00:03:22.048589 DCon37   Saving settings file "/home/gyom/.config/VirtualBox/VirtualBox.xml" with version "1.12-linux"
00:03:22.051381 DCon37   Finished saving settings file "/home/gyom/.config/VirtualBox/VirtualBox.xml"
00:03:30.135779 DCon45   Saving settings file "/home/gyom/VirtualBox_VMs/win7-opcom/win7-opcom.vbox" with version "1.19-linux"
00:03:30.139521 DCon45   Finished saving settings file "/home/gyom/VirtualBox_VMs/win7-opcom/win7-opcom.vbox"
00:03:30.150105 DCon30   Saving settings file "/home/gyom/VirtualBox_VMs/win7-opcom/win7-opcom.vbox" with version "1.19-linux"
00:03:30.153573 DCon30   Finished saving settings file "/home/gyom/VirtualBox_VMs/win7-opcom/win7-opcom.vbox"
00:03:30.153710 DCon42   ERROR [COM]: aRC=VBOX_E_OBJECT_NOT_FOUND (0x80bb0001) aIID={5bfd8965-b81b-469f-8649-f717ce97a5d5} aComponent={NvramStoreWrap} aText={The UEFI NVRAM file is not existing for this machine}, preserve=false aResultDetail=0
00:03:30.164615 DCon42   ERROR [COM]: aRC=VBOX_E_OBJECT_NOT_FOUND (0x80bb0001) aIID={5bfd8965-b81b-469f-8649-f717ce97a5d5} aComponent={NvramStoreWrap} aText={The UEFI NVRAM file is not existing for this machine}, preserve=false aResultDetail=0
00:03:30.179011 DCon42   ERROR [COM]: aRC=VBOX_E_INVALID_VM_STATE (0x80bb0002) aIID={e36a5081-a82a-40bd-9e4e-42a44d6ce50f} aComponent={MachineWrap} aText={The machine is not mutable, saved or running (state is Running)}, preserve=false aResultDetail=0
00:03:30.190257 DCon42   WARNING [COM]: aRC=NS_ERROR_FAILURE (0x80004005) aIID={d5dcece0-b202-4416-a138-03502784cc07} aComponent={HostWrap} aText={VirtualBox is not currently allowed to access USB devices.  You can change this by adding your user to the 'vboxusers' group.  Please see the user manual for a more detailed explanation}, preserve=true aResultDetail=0
00:03:30.191591 DCon42   WARNING [COM]: aRC=NS_ERROR_FAILURE (0x80004005) aIID={d5dcece0-b202-4416-a138-03502784cc07} aComponent={HostWrap} aText={VirtualBox is not currently allowed to access USB devices.  You can change this by adding your user to the 'vboxusers' group.  Please see the user manual for a more detailed explanation}, preserve=true aResultDetail=0
00:04:20.576441 DCon43   Saving settings file "/home/gyom/VirtualBox_VMs/win7-opcom/win7-opcom.vbox" with version "1.19-linux"
00:04:20.579542 DCon43   Finished saving settings file "/home/gyom/VirtualBox_VMs/win7-opcom/win7-opcom.vbox"
00:04:20.586831 DCon51   Saving settings file "/home/gyom/VirtualBox_VMs/win7-opcom/win7-opcom.vbox" with version "1.19-linux"
00:04:20.589755 DCon51   Finished saving settings file "/home/gyom/VirtualBox_VMs/win7-opcom/win7-opcom.vbox"
00:04:20.594735 DCon45   ERROR [COM]: aRC=VBOX_E_OBJECT_NOT_FOUND (0x80bb0001) aIID={5bfd8965-b81b-469f-8649-f717ce97a5d5} aComponent={NvramStoreWrap} aText={The UEFI NVRAM file is not existing for this machine}, preserve=false aResultDetail=0
00:04:20.602638 DCon45   ERROR [COM]: aRC=VBOX_E_OBJECT_NOT_FOUND (0x80bb0001) aIID={5bfd8965-b81b-469f-8649-f717ce97a5d5} aComponent={NvramStoreWrap} aText={The UEFI NVRAM file is not existing for this machine}, preserve=false aResultDetail=0
00:04:20.621082 DCon45   ERROR [COM]: aRC=VBOX_E_INVALID_VM_STATE (0x80bb0002) aIID={e36a5081-a82a-40bd-9e4e-42a44d6ce50f} aComponent={MachineWrap} aText={The machine is not mutable, saved or running (state is Running)}, preserve=false aResultDetail=0
00:04:20.626076 DCon55   Saving settings file "/home/gyom/.config/VirtualBox/VirtualBox.xml" with version "1.12-linux"
00:04:20.628864 DCon55   Finished saving settings file "/home/gyom/.config/VirtualBox/VirtualBox.xml"
00:04:20.632734 DCon55   WARNING [COM]: aRC=NS_ERROR_FAILURE (0x80004005) aIID={d5dcece0-b202-4416-a138-03502784cc07} aComponent={HostWrap} aText={VirtualBox is not currently allowed to access USB devices.  You can change this by adding your user to the 'vboxusers' group.  Please see the user manual for a more detailed explanation}, preserve=true aResultDetail=0
00:04:20.634089 DCon55   WARNING [COM]: aRC=NS_ERROR_FAILURE (0x80004005) aIID={d5dcece0-b202-4416-a138-03502784cc07} aComponent={HostWrap} aText={VirtualBox is not currently allowed to access USB devices.  You can change this by adding your user to the 'vboxusers' group.  Please see the user manual for a more detailed explanation}, preserve=true aResultDetail=0
00:04:46.992110 DCon55   Saving settings file "/home/gyom/.config/VirtualBox/VirtualBox.xml" with version "1.12-linux"
00:04:46.995338 DCon55   Finished saving settings file "/home/gyom/.config/VirtualBox/VirtualBox.xml"
00:04:52.477746 DCon54   Saving settings file "/home/gyom/.config/VirtualBox/VirtualBox.xml" with version "1.12-linux"
00:04:52.480678 DCon54   Finished saving settings file "/home/gyom/.config/VirtualBox/VirtualBox.xml"
00:05:11.163516 DCon51   ERROR [COM]: aRC=VBOX_E_OBJECT_NOT_FOUND (0x80bb0001) aIID={5bfd8965-b81b-469f-8649-f717ce97a5d5} aComponent={NvramStoreWrap} aText={The UEFI NVRAM file is not existing for this machine}, preserve=false aResultDetail=0
00:05:11.180843 DCon56   Saving settings file "/home/gyom/VirtualBox_VMs/win7-opcom/win7-opcom.vbox" with version "1.19-linux"
00:05:11.185856 DCon56   Finished saving settings file "/home/gyom/VirtualBox_VMs/win7-opcom/win7-opcom.vbox"
00:05:11.187880 DCon61   ERROR [COM]: aRC=VBOX_E_INVALID_VM_STATE (0x80bb0002) aIID={e36a5081-a82a-40bd-9e4e-42a44d6ce50f} aComponent={MachineWrap} aText={The machine is not mutable, saved or running (state is Running)}, preserve=false aResultDetail=0
00:05:11.194566 DCon60   ERROR [COM]: aRC=VBOX_E_OBJECT_NOT_FOUND (0x80bb0001) aIID={5bfd8965-b81b-469f-8649-f717ce97a5d5} aComponent={NvramStoreWrap} aText={The UEFI NVRAM file is not existing for this machine}, preserve=false aResultDetail=0
00:05:11.210521 DCon61   ERROR [COM]: aRC=VBOX_E_INVALID_VM_STATE (0x80bb0002) aIID={e36a5081-a82a-40bd-9e4e-42a44d6ce50f} aComponent={MachineWrap} aText={The machine is not mutable, saved or running (state is Running)}, preserve=false aResultDetail=0
00:05:11.221434 DCon61   WARNING [COM]: aRC=NS_ERROR_FAILURE (0x80004005) aIID={d5dcece0-b202-4416-a138-03502784cc07} aComponent={HostWrap} aText={VirtualBox is not currently allowed to access USB devices.  You can change this by adding your user to the 'vboxusers' group.  Please see the user manual for a more detailed explanation}, preserve=true aResultDetail=0
00:05:11.222585 DCon61   WARNING [COM]: aRC=NS_ERROR_FAILURE (0x80004005) aIID={d5dcece0-b202-4416-a138-03502784cc07} aComponent={HostWrap} aText={VirtualBox is not currently allowed to access USB devices.  You can change this by adding your user to the 'vboxusers' group.  Please see the user manual for a more detailed explanation}, preserve=true aResultDetail=0
00:05:35.439933 DCon54   ERROR [COM]: aRC=VBOX_E_OBJECT_NOT_FOUND (0x80bb0001) aIID={5bfd8965-b81b-469f-8649-f717ce97a5d5} aComponent={NvramStoreWrap} aText={The UEFI NVRAM file is not existing for this machine}, preserve=false aResultDetail=0
00:05:35.441279 DCon56   Saving settings file "/home/gyom/VirtualBox_VMs/win7-opcom/win7-opcom.vbox" with version "1.19-linux"
00:05:35.444651 DCon56   Finished saving settings file "/home/gyom/VirtualBox_VMs/win7-opcom/win7-opcom.vbox"
00:05:35.466768 DCon51   ERROR [COM]: aRC=VBOX_E_OBJECT_NOT_FOUND (0x80bb0001) aIID={5bfd8965-b81b-469f-8649-f717ce97a5d5} aComponent={NvramStoreWrap} aText={The UEFI NVRAM file is not existing for this machine}, preserve=false aResultDetail=0
00:05:35.481690 DCon51   ERROR [COM]: aRC=VBOX_E_INVALID_VM_STATE (0x80bb0002) aIID={e36a5081-a82a-40bd-9e4e-42a44d6ce50f} aComponent={MachineWrap} aText={The machine is not mutable, saved or running (state is Running)}, preserve=false aResultDetail=0
00:05:35.493871 DCon51   WARNING [COM]: aRC=NS_ERROR_FAILURE (0x80004005) aIID={d5dcece0-b202-4416-a138-03502784cc07} aComponent={HostWrap} aText={VirtualBox is not currently allowed to access USB devices.  You can change this by adding your user to the 'vboxusers' group.  Please see the user manual for a more detailed explanation}, preserve=true aResultDetail=0
00:05:35.495095 DCon51   WARNING [COM]: aRC=NS_ERROR_FAILURE (0x80004005) aIID={d5dcece0-b202-4416-a138-03502784cc07} aComponent={HostWrap} aText={VirtualBox is not currently allowed to access USB devices.  You can change this by adding your user to the 'vboxusers' group.  Please see the user manual for a more detailed explanation}, preserve=true aResultDetail=0
00:05:56.530433 DCon51   Saving settings file "/home/gyom/VirtualBox_VMs/win7-opcom/win7-opcom.vbox" with version "1.19-linux"
00:05:56.533726 DCon51   Finished saving settings file "/home/gyom/VirtualBox_VMs/win7-opcom/win7-opcom.vbox"
00:05:56.544159 DCon68   ERROR [COM]: aRC=VBOX_E_OBJECT_NOT_FOUND (0x80bb0001) aIID={5bfd8965-b81b-469f-8649-f717ce97a5d5} aComponent={NvramStoreWrap} aText={The UEFI NVRAM file is not existing for this machine}, preserve=false aResultDetail=0
00:05:56.551399 DCon67   Saving settings file "/home/gyom/VirtualBox_VMs/win7-opcom/win7-opcom.vbox" with version "1.19-linux"
00:05:56.554768 DCon67   Finished saving settings file "/home/gyom/VirtualBox_VMs/win7-opcom/win7-opcom.vbox"
00:05:56.564562 DCon51   Saving settings file "/home/gyom/.config/VirtualBox/VirtualBox.xml" with version "1.12-linux"
00:05:56.567251 DCon51   Finished saving settings file "/home/gyom/.config/VirtualBox/VirtualBox.xml"
00:05:56.572980 DCon51   ERROR [COM]: aRC=VBOX_E_OBJECT_NOT_FOUND (0x80bb0001) aIID={5bfd8965-b81b-469f-8649-f717ce97a5d5} aComponent={NvramStoreWrap} aText={The UEFI NVRAM file is not existing for this machine}, preserve=false aResultDetail=0
00:05:56.599770 DCon56   ERROR [COM]: aRC=VBOX_E_INVALID_VM_STATE (0x80bb0002) aIID={e36a5081-a82a-40bd-9e4e-42a44d6ce50f} aComponent={MachineWrap} aText={The machine is not mutable, saved or running (state is Running)}, preserve=false aResultDetail=0
00:05:56.611118 DCon56   WARNING [COM]: aRC=NS_ERROR_FAILURE (0x80004005) aIID={d5dcece0-b202-4416-a138-03502784cc07} aComponent={HostWrap} aText={VirtualBox is not currently allowed to access USB devices.  You can change this by adding your user to the 'vboxusers' group.  Please see the user manual for a more detailed explanation}, preserve=true aResultDetail=0
00:05:56.612372 DCon56   WARNING [COM]: aRC=NS_ERROR_FAILURE (0x80004005) aIID={d5dcece0-b202-4416-a138-03502784cc07} aComponent={HostWrap} aText={VirtualBox is not currently allowed to access USB devices.  You can change this by adding your user to the 'vboxusers' group.  Please see the user manual for a more detailed explanation}, preserve=true aResultDetail=0
00:05:57.185759 DCon51   Saving settings file "/home/gyom/VirtualBox_VMs/win7-opcom/win7-opcom.vbox" with version "1.19-linux"
00:05:57.189076 DCon51   Finished saving settings file "/home/gyom/VirtualBox_VMs/win7-opcom/win7-opcom.vbox"
00:05:57.189419 DCon67   Saving settings file "/home/gyom/.config/VirtualBox/VirtualBox.xml" with version "1.12-linux"
00:05:57.192081 DCon67   Finished saving settings file "/home/gyom/.config/VirtualBox/VirtualBox.xml"
00:05:57.198866 DCon70   Saving settings file "/home/gyom/VirtualBox_VMs/win7-opcom/win7-opcom.vbox" with version "1.19-linux"
00:05:57.201918 DCon70   Finished saving settings file "/home/gyom/VirtualBox_VMs/win7-opcom/win7-opcom.vbox"
00:05:57.206255 DCon71   ERROR [COM]: aRC=VBOX_E_OBJECT_NOT_FOUND (0x80bb0001) aIID={5bfd8965-b81b-469f-8649-f717ce97a5d5} aComponent={NvramStoreWrap} aText={The UEFI NVRAM file is not existing for this machine}, preserve=false aResultDetail=0
00:05:57.219644 DCon71   ERROR [COM]: aRC=VBOX_E_INVALID_VM_STATE (0x80bb0002) aIID={e36a5081-a82a-40bd-9e4e-42a44d6ce50f} aComponent={MachineWrap} aText={The machine is not mutable, saved or running (state is Running)}, preserve=false aResultDetail=0
00:05:57.230908 DCon71   WARNING [COM]: aRC=NS_ERROR_FAILURE (0x80004005) aIID={d5dcece0-b202-4416-a138-03502784cc07} aComponent={HostWrap} aText={VirtualBox is not currently allowed to access USB devices.  You can change this by adding your user to the 'vboxusers' group.  Please see the user manual for a more detailed explanation}, preserve=true aResultDetail=0
00:05:57.232369 DCon71   WARNING [COM]: aRC=NS_ERROR_FAILURE (0x80004005) aIID={d5dcece0-b202-4416-a138-03502784cc07} aComponent={HostWrap} aText={VirtualBox is not currently allowed to access USB devices.  You can change this by adding your user to the 'vboxusers' group.  Please see the user manual for a more detailed explanation}, preserve=true aResultDetail=0
00:05:59.012042 DCon71   Saving settings file "/home/gyom/VirtualBox_VMs/win7-opcom/win7-opcom.vbox" with version "1.19-linux"
00:05:59.015115 DCon71   Finished saving settings file "/home/gyom/VirtualBox_VMs/win7-opcom/win7-opcom.vbox"
00:05:59.024918 DCon51   ERROR [COM]: aRC=VBOX_E_OBJECT_NOT_FOUND (0x80bb0001) aIID={5bfd8965-b81b-469f-8649-f717ce97a5d5} aComponent={NvramStoreWrap} aText={The UEFI NVRAM file is not existing for this machine}, preserve=false aResultDetail=0
00:05:59.039247 DCon51   Saving settings file "/home/gyom/.config/VirtualBox/VirtualBox.xml" with version "1.12-linux"
00:05:59.041118 DCon67   Saving settings file "/home/gyom/VirtualBox_VMs/win7-opcom/win7-opcom.vbox" with version "1.19-linux"
00:05:59.042200 DCon51   Finished saving settings file "/home/gyom/.config/VirtualBox/VirtualBox.xml"
00:05:59.045122 DCon67   Finished saving settings file "/home/gyom/VirtualBox_VMs/win7-opcom/win7-opcom.vbox"
00:05:59.047629 DCon51   ERROR [COM]: aRC=VBOX_E_INVALID_VM_STATE (0x80bb0002) aIID={e36a5081-a82a-40bd-9e4e-42a44d6ce50f} aComponent={MachineWrap} aText={The machine is not mutable, saved or running (state is Running)}, preserve=false aResultDetail=0
00:05:59.056602 DCon51   ERROR [COM]: aRC=VBOX_E_OBJECT_NOT_FOUND (0x80bb0001) aIID={5bfd8965-b81b-469f-8649-f717ce97a5d5} aComponent={NvramStoreWrap} aText={The UEFI NVRAM file is not existing for this machine}, preserve=false aResultDetail=0
00:05:59.070799 DCon68   ERROR [COM]: aRC=VBOX_E_INVALID_VM_STATE (0x80bb0002) aIID={e36a5081-a82a-40bd-9e4e-42a44d6ce50f} aComponent={MachineWrap} aText={The machine is not mutable, saved or running (state is Running)}, preserve=false aResultDetail=0
00:05:59.081352 DCon68   WARNING [COM]: aRC=NS_ERROR_FAILURE (0x80004005) aIID={d5dcece0-b202-4416-a138-03502784cc07} aComponent={HostWrap} aText={VirtualBox is not currently allowed to access USB devices.  You can change this by adding your user to the 'vboxusers' group.  Please see the user manual for a more detailed explanation}, preserve=true aResultDetail=0
00:05:59.082627 DCon68   WARNING [COM]: aRC=NS_ERROR_FAILURE (0x80004005) aIID={d5dcece0-b202-4416-a138-03502784cc07} aComponent={HostWrap} aText={VirtualBox is not currently allowed to access USB devices.  You can change this by adding your user to the 'vboxusers' group.  Please see the user manual for a more detailed explanation}, preserve=true aResultDetail=0
00:08:19.983774 DCon51   Saving settings file "/home/gyom/VirtualBox_VMs/win7-opcom/win7-opcom.vbox" with version "1.19-linux"
00:08:19.988838 DCon51   Finished saving settings file "/home/gyom/VirtualBox_VMs/win7-opcom/win7-opcom.vbox"
00:08:19.995406 DCon75   Saving settings file "/home/gyom/VirtualBox_VMs/win7-opcom/win7-opcom.vbox" with version "1.19-linux"
00:08:19.998272 DCon75   Finished saving settings file "/home/gyom/VirtualBox_VMs/win7-opcom/win7-opcom.vbox"
00:08:20.003950 DCon75   ERROR [COM]: aRC=VBOX_E_OBJECT_NOT_FOUND (0x80bb0001) aIID={5bfd8965-b81b-469f-8649-f717ce97a5d5} aComponent={NvramStoreWrap} aText={The UEFI NVRAM file is not existing for this machine}, preserve=false aResultDetail=0
00:08:20.010650 DCon75   ERROR [COM]: aRC=VBOX_E_OBJECT_NOT_FOUND (0x80bb0001) aIID={5bfd8965-b81b-469f-8649-f717ce97a5d5} aComponent={NvramStoreWrap} aText={The UEFI NVRAM file is not existing for this machine}, preserve=false aResultDetail=0
00:08:20.029181 DCon74   ERROR [COM]: aRC=VBOX_E_INVALID_VM_STATE (0x80bb0002) aIID={e36a5081-a82a-40bd-9e4e-42a44d6ce50f} aComponent={MachineWrap} aText={The machine is not mutable, saved or running (state is Running)}, preserve=false aResultDetail=0
00:08:20.039821 DCon74   WARNING [COM]: aRC=NS_ERROR_FAILURE (0x80004005) aIID={d5dcece0-b202-4416-a138-03502784cc07} aComponent={HostWrap} aText={VirtualBox is not currently allowed to access USB devices.  You can change this by adding your user to the 'vboxusers' group.  Please see the user manual for a more detailed explanation}, preserve=true aResultDetail=0
00:08:20.041134 DCon74   WARNING [COM]: aRC=NS_ERROR_FAILURE (0x80004005) aIID={d5dcece0-b202-4416-a138-03502784cc07} aComponent={HostWrap} aText={VirtualBox is not currently allowed to access USB devices.  You can change this by adding your user to the 'vboxusers' group.  Please see the user manual for a more detailed explanation}, preserve=true aResultDetail=0
00:08:20.374978 DCon74   Saving settings file "/home/gyom/VirtualBox_VMs/win7-opcom/win7-opcom.vbox" with version "1.19-linux"
00:08:20.378004 DCon74   Finished saving settings file "/home/gyom/VirtualBox_VMs/win7-opcom/win7-opcom.vbox"
00:08:20.384593 DCon72   Saving settings file "/home/gyom/VirtualBox_VMs/win7-opcom/win7-opcom.vbox" with version "1.19-linux"
00:08:20.387400 DCon72   Finished saving settings file "/home/gyom/VirtualBox_VMs/win7-opcom/win7-opcom.vbox"
00:08:20.392516 DCon65   ERROR [COM]: aRC=VBOX_E_OBJECT_NOT_FOUND (0x80bb0001) aIID={5bfd8965-b81b-469f-8649-f717ce97a5d5} aComponent={NvramStoreWrap} aText={The UEFI NVRAM file is not existing for this machine}, preserve=false aResultDetail=0
00:08:20.399110 DCon51   ERROR [COM]: aRC=VBOX_E_OBJECT_NOT_FOUND (0x80bb0001) aIID={5bfd8965-b81b-469f-8649-f717ce97a5d5} aComponent={NvramStoreWrap} aText={The UEFI NVRAM file is not existing for this machine}, preserve=false aResultDetail=0
00:08:20.442673 DCon72   ERROR [COM]: aRC=VBOX_E_INVALID_VM_STATE (0x80bb0002) aIID={e36a5081-a82a-40bd-9e4e-42a44d6ce50f} aComponent={MachineWrap} aText={The machine is not mutable, saved or running (state is Running)}, preserve=false aResultDetail=0
00:08:20.453695 DCon72   WARNING [COM]: aRC=NS_ERROR_FAILURE (0x80004005) aIID={d5dcece0-b202-4416-a138-03502784cc07} aComponent={HostWrap} aText={VirtualBox is not currently allowed to access USB devices.  You can change this by adding your user to the 'vboxusers' group.  Please see the user manual for a more detailed explanation}, preserve=true aResultDetail=0
00:08:20.455000 DCon72   WARNING [COM]: aRC=NS_ERROR_FAILURE (0x80004005) aIID={d5dcece0-b202-4416-a138-03502784cc07} aComponent={HostWrap} aText={VirtualBox is not currently allowed to access USB devices.  You can change this by adding your user to the 'vboxusers' group.  Please see the user manual for a more detailed explanation}, preserve=true aResultDetail=0
00:08:23.012913 DCon51   Saving settings file "/home/gyom/VirtualBox_VMs/win7-opcom/win7-opcom.vbox" with version "1.19-linux"
00:08:23.016430 DCon51   Finished saving settings file "/home/gyom/VirtualBox_VMs/win7-opcom/win7-opcom.vbox"
00:08:23.028079 DCon74   ERROR [COM]: aRC=VBOX_E_OBJECT_NOT_FOUND (0x80bb0001) aIID={5bfd8965-b81b-469f-8649-f717ce97a5d5} aComponent={NvramStoreWrap} aText={The UEFI NVRAM file is not existing for this machine}, preserve=false aResultDetail=0
00:08:23.042456 DCon74   ERROR [COM]: aRC=VBOX_E_INVALID_VM_STATE (0x80bb0002) aIID={e36a5081-a82a-40bd-9e4e-42a44d6ce50f} aComponent={MachineWrap} aText={The machine is not mutable, saved or running (state is Running)}, preserve=false aResultDetail=0
00:08:23.053223 DCon74   WARNING [COM]: aRC=NS_ERROR_FAILURE (0x80004005) aIID={d5dcece0-b202-4416-a138-03502784cc07} aComponent={HostWrap} aText={VirtualBox is not currently allowed to access USB devices.  You can change this by adding your user to the 'vboxusers' group.  Please see the user manual for a more detailed explanation}, preserve=true aResultDetail=0
00:08:23.054464 DCon74   WARNING [COM]: aRC=NS_ERROR_FAILURE (0x80004005) aIID={d5dcece0-b202-4416-a138-03502784cc07} aComponent={HostWrap} aText={VirtualBox is not currently allowed to access USB devices.  You can change this by adding your user to the 'vboxusers' group.  Please see the user manual for a more detailed explanation}, preserve=true aResultDetail=0
00:08:23.160139 DCon65   Saving settings file "/home/gyom/VirtualBox_VMs/win7-opcom/win7-opcom.vbox" with version "1.19-linux"
00:08:23.163350 DCon65   Finished saving settings file "/home/gyom/VirtualBox_VMs/win7-opcom/win7-opcom.vbox"
00:08:23.173454 DCon73   ERROR [COM]: aRC=VBOX_E_OBJECT_NOT_FOUND (0x80bb0001) aIID={5bfd8965-b81b-469f-8649-f717ce97a5d5} aComponent={NvramStoreWrap} aText={The UEFI NVRAM file is not existing for this machine}, preserve=false aResultDetail=0
00:08:23.189035 DCon73   ERROR [COM]: aRC=VBOX_E_INVALID_VM_STATE (0x80bb0002) aIID={e36a5081-a82a-40bd-9e4e-42a44d6ce50f} aComponent={MachineWrap} aText={The machine is not mutable, saved or running (state is Running)}, preserve=false aResultDetail=0
00:08:23.198940 DCon73   WARNING [COM]: aRC=NS_ERROR_FAILURE (0x80004005) aIID={d5dcece0-b202-4416-a138-03502784cc07} aComponent={HostWrap} aText={VirtualBox is not currently allowed to access USB devices.  You can change this by adding your user to the 'vboxusers' group.  Please see the user manual for a more detailed explanation}, preserve=true aResultDetail=0
00:08:23.200070 DCon73   WARNING [COM]: aRC=NS_ERROR_FAILURE (0x80004005) aIID={d5dcece0-b202-4416-a138-03502784cc07} aComponent={HostWrap} aText={VirtualBox is not currently allowed to access USB devices.  You can change this by adding your user to the 'vboxusers' group.  Please see the user manual for a more detailed explanation}, preserve=true aResultDetail=0
00:08:23.475456 DCon56   Saving settings file "/home/gyom/VirtualBox_VMs/win7-opcom/win7-opcom.vbox" with version "1.19-linux"
00:08:23.478583 DCon56   Finished saving settings file "/home/gyom/VirtualBox_VMs/win7-opcom/win7-opcom.vbox"
00:08:23.488438 DCon65   ERROR [COM]: aRC=VBOX_E_OBJECT_NOT_FOUND (0x80bb0001) aIID={5bfd8965-b81b-469f-8649-f717ce97a5d5} aComponent={NvramStoreWrap} aText={The UEFI NVRAM file is not existing for this machine}, preserve=false aResultDetail=0
00:08:23.504288 DCon65   ERROR [COM]: aRC=VBOX_E_INVALID_VM_STATE (0x80bb0002) aIID={e36a5081-a82a-40bd-9e4e-42a44d6ce50f} aComponent={MachineWrap} aText={The machine is not mutable, saved or running (state is Running)}, preserve=false aResultDetail=0
00:08:23.515822 DCon75   WARNING [COM]: aRC=NS_ERROR_FAILURE (0x80004005) aIID={d5dcece0-b202-4416-a138-03502784cc07} aComponent={HostWrap} aText={VirtualBox is not currently allowed to access USB devices.  You can change this by adding your user to the 'vboxusers' group.  Please see the user manual for a more detailed explanation}, preserve=true aResultDetail=0
00:08:23.517065 DCon75   WARNING [COM]: aRC=NS_ERROR_FAILURE (0x80004005) aIID={d5dcece0-b202-4416-a138-03502784cc07} aComponent={HostWrap} aText={VirtualBox is not currently allowed to access USB devices.  You can change this by adding your user to the 'vboxusers' group.  Please see the user manual for a more detailed explanation}, preserve=true aResultDetail=0
00:08:23.589368 DCon72   Saving settings file "/home/gyom/VirtualBox_VMs/win7-opcom/win7-opcom.vbox" with version "1.19-linux"
00:08:23.592821 DCon72   Finished saving settings file "/home/gyom/VirtualBox_VMs/win7-opcom/win7-opcom.vbox"
00:08:23.604859 DCon76   ERROR [COM]: aRC=VBOX_E_OBJECT_NOT_FOUND (0x80bb0001) aIID={5bfd8965-b81b-469f-8649-f717ce97a5d5} aComponent={NvramStoreWrap} aText={The UEFI NVRAM file is not existing for this machine}, preserve=false aResultDetail=0
00:08:23.620003 DCon74   Saving settings file "/home/gyom/VirtualBox_VMs/win7-opcom/win7-opcom.vbox" with version "1.19-linux"
00:08:23.623849 DCon74   Finished saving settings file "/home/gyom/VirtualBox_VMs/win7-opcom/win7-opcom.vbox"
00:08:23.627211 DCon73   ERROR [COM]: aRC=VBOX_E_INVALID_VM_STATE (0x80bb0002) aIID={e36a5081-a82a-40bd-9e4e-42a44d6ce50f} aComponent={MachineWrap} aText={The machine is not mutable, saved or running (state is Running)}, preserve=false aResultDetail=0
00:08:23.635570 DCon73   ERROR [COM]: aRC=VBOX_E_OBJECT_NOT_FOUND (0x80bb0001) aIID={5bfd8965-b81b-469f-8649-f717ce97a5d5} aComponent={NvramStoreWrap} aText={The UEFI NVRAM file is not existing for this machine}, preserve=false aResultDetail=0
00:08:23.654808 DCon69   ERROR [COM]: aRC=VBOX_E_INVALID_VM_STATE (0x80bb0002) aIID={e36a5081-a82a-40bd-9e4e-42a44d6ce50f} aComponent={MachineWrap} aText={The machine is not mutable, saved or running (state is Running)}, preserve=false aResultDetail=0
00:08:23.655794 DCon73   Saving settings file "/home/gyom/VirtualBox_VMs/win7-opcom/win7-opcom.vbox" with version "1.19-linux"
00:08:23.659065 DCon73   Finished saving settings file "/home/gyom/VirtualBox_VMs/win7-opcom/win7-opcom.vbox"
00:08:23.670071 DCon72   ERROR [COM]: aRC=VBOX_E_OBJECT_NOT_FOUND (0x80bb0001) aIID={5bfd8965-b81b-469f-8649-f717ce97a5d5} aComponent={NvramStoreWrap} aText={The UEFI NVRAM file is not existing for this machine}, preserve=false aResultDetail=0
00:08:23.687183 DCon76   ERROR [COM]: aRC=VBOX_E_INVALID_VM_STATE (0x80bb0002) aIID={e36a5081-a82a-40bd-9e4e-42a44d6ce50f} aComponent={MachineWrap} aText={The machine is not mutable, saved or running (state is Running)}, preserve=false aResultDetail=0
00:08:23.687570 DCon65   Saving settings file "/home/gyom/VirtualBox_VMs/win7-opcom/win7-opcom.vbox" with version "1.19-linux"
00:08:23.690575 DCon65   Finished saving settings file "/home/gyom/VirtualBox_VMs/win7-opcom/win7-opcom.vbox"
00:08:23.701684 DCon69   ERROR [COM]: aRC=VBOX_E_OBJECT_NOT_FOUND (0x80bb0001) aIID={5bfd8965-b81b-469f-8649-f717ce97a5d5} aComponent={NvramStoreWrap} aText={The UEFI NVRAM file is not existing for this machine}, preserve=false aResultDetail=0
00:08:23.715137 DCon76   Saving settings file "/home/gyom/VirtualBox_VMs/win7-opcom/win7-opcom.vbox" with version "1.19-linux"
00:08:23.718755 DCon76   Finished saving settings file "/home/gyom/VirtualBox_VMs/win7-opcom/win7-opcom.vbox"
00:08:23.721259 DCon51   ERROR [COM]: aRC=VBOX_E_INVALID_VM_STATE (0x80bb0002) aIID={e36a5081-a82a-40bd-9e4e-42a44d6ce50f} aComponent={MachineWrap} aText={The machine is not mutable, saved or running (state is Running)}, preserve=false aResultDetail=0
00:08:23.731291 DCon69   ERROR [COM]: aRC=VBOX_E_OBJECT_NOT_FOUND (0x80bb0001) aIID={5bfd8965-b81b-469f-8649-f717ce97a5d5} aComponent={NvramStoreWrap} aText={The UEFI NVRAM file is not existing for this machine}, preserve=false aResultDetail=0
00:08:23.737772 DCon69   Saving settings file "/home/gyom/VirtualBox_VMs/win7-opcom/win7-opcom.vbox" with version "1.19-linux"
00:08:23.741014 DCon69   Finished saving settings file "/home/gyom/VirtualBox_VMs/win7-opcom/win7-opcom.vbox"
00:08:23.757796 DCon76   ERROR [COM]: aRC=VBOX_E_OBJECT_NOT_FOUND (0x80bb0001) aIID={5bfd8965-b81b-469f-8649-f717ce97a5d5} aComponent={NvramStoreWrap} aText={The UEFI NVRAM file is not existing for this machine}, preserve=false aResultDetail=0
00:08:23.772947 DCon74   ERROR [COM]: aRC=VBOX_E_INVALID_VM_STATE (0x80bb0002) aIID={e36a5081-a82a-40bd-9e4e-42a44d6ce50f} aComponent={MachineWrap} aText={The machine is not mutable, saved or running (state is Running)}, preserve=false aResultDetail=0
00:08:23.781342 DCon74   Saving settings file "/home/gyom/VirtualBox_VMs/win7-opcom/win7-opcom.vbox" with version "1.19-linux"
00:08:23.784498 DCon74   Finished saving settings file "/home/gyom/VirtualBox_VMs/win7-opcom/win7-opcom.vbox"
00:08:23.795493 DCon73   ERROR [COM]: aRC=VBOX_E_OBJECT_NOT_FOUND (0x80bb0001) aIID={5bfd8965-b81b-469f-8649-f717ce97a5d5} aComponent={NvramStoreWrap} aText={The UEFI NVRAM file is not existing for this machine}, preserve=false aResultDetail=0
00:08:23.813718 DCon65   ERROR [COM]: aRC=VBOX_E_INVALID_VM_STATE (0x80bb0002) aIID={e36a5081-a82a-40bd-9e4e-42a44d6ce50f} aComponent={MachineWrap} aText={The machine is not mutable, saved or running (state is Running)}, preserve=false aResultDetail=0
00:08:23.824935 DCon65   WARNING [COM]: aRC=NS_ERROR_FAILURE (0x80004005) aIID={d5dcece0-b202-4416-a138-03502784cc07} aComponent={HostWrap} aText={VirtualBox is not currently allowed to access USB devices.  You can change this by adding your user to the 'vboxusers' group.  Please see the user manual for a more detailed explanation}, preserve=true aResultDetail=0
00:08:23.826283 DCon65   WARNING [COM]: aRC=NS_ERROR_FAILURE (0x80004005) aIID={d5dcece0-b202-4416-a138-03502784cc07} aComponent={HostWrap} aText={VirtualBox is not currently allowed to access USB devices.  You can change this by adding your user to the 'vboxusers' group.  Please see the user manual for a more detailed explanation}, preserve=true aResultDetail=0
00:08:23.861654 DCon69   Saving settings file "/home/gyom/VirtualBox_VMs/win7-opcom/win7-opcom.vbox" with version "1.19-linux"
00:08:23.866071 DCon69   Finished saving settings file "/home/gyom/VirtualBox_VMs/win7-opcom/win7-opcom.vbox"
00:08:23.877453 DCon73   ERROR [COM]: aRC=VBOX_E_OBJECT_NOT_FOUND (0x80bb0001) aIID={5bfd8965-b81b-469f-8649-f717ce97a5d5} aComponent={NvramStoreWrap} aText={The UEFI NVRAM file is not existing for this machine}, preserve=false aResultDetail=0
00:08:23.895005 DCon73   ERROR [COM]: aRC=VBOX_E_INVALID_VM_STATE (0x80bb0002) aIID={e36a5081-a82a-40bd-9e4e-42a44d6ce50f} aComponent={MachineWrap} aText={The machine is not mutable, saved or running (state is Running)}, preserve=false aResultDetail=0
00:08:23.906384 DCon73   WARNING [COM]: aRC=NS_ERROR_FAILURE (0x80004005) aIID={d5dcece0-b202-4416-a138-03502784cc07} aComponent={HostWrap} aText={VirtualBox is not currently allowed to access USB devices.  You can change this by adding your user to the 'vboxusers' group.  Please see the user manual for a more detailed explanation}, preserve=true aResultDetail=0
00:08:23.907802 DCon73   WARNING [COM]: aRC=NS_ERROR_FAILURE (0x80004005) aIID={d5dcece0-b202-4416-a138-03502784cc07} aComponent={HostWrap} aText={VirtualBox is not currently allowed to access USB devices.  You can change this by adding your user to the 'vboxusers' group.  Please see the user manual for a more detailed explanation}, preserve=true aResultDetail=0
00:08:23.994683 DCon74   Saving settings file "/home/gyom/VirtualBox_VMs/win7-opcom/win7-opcom.vbox" with version "1.19-linux"
00:08:23.998448 DCon74   Finished saving settings file "/home/gyom/VirtualBox_VMs/win7-opcom/win7-opcom.vbox"
00:08:24.008984 DCon73   ERROR [COM]: aRC=VBOX_E_OBJECT_NOT_FOUND (0x80bb0001) aIID={5bfd8965-b81b-469f-8649-f717ce97a5d5} aComponent={NvramStoreWrap} aText={The UEFI NVRAM file is not existing for this machine}, preserve=false aResultDetail=0
00:08:24.027515 DCon73   ERROR [COM]: aRC=VBOX_E_INVALID_VM_STATE (0x80bb0002) aIID={e36a5081-a82a-40bd-9e4e-42a44d6ce50f} aComponent={MachineWrap} aText={The machine is not mutable, saved or running (state is Running)}, preserve=false aResultDetail=0
00:08:24.037543 DCon73   WARNING [COM]: aRC=NS_ERROR_FAILURE (0x80004005) aIID={d5dcece0-b202-4416-a138-03502784cc07} aComponent={HostWrap} aText={VirtualBox is not currently allowed to access USB devices.  You can change this by adding your user to the 'vboxusers' group.  Please see the user manual for a more detailed explanation}, preserve=true aResultDetail=0
00:08:24.038756 DCon73   WARNING [COM]: aRC=NS_ERROR_FAILURE (0x80004005) aIID={d5dcece0-b202-4416-a138-03502784cc07} aComponent={HostWrap} aText={VirtualBox is not currently allowed to access USB devices.  You can change this by adding your user to the 'vboxusers' group.  Please see the user manual for a more detailed explanation}, preserve=true aResultDetail=0
00:08:31.129872 DCon51   Saving settings file "/home/gyom/VirtualBox_VMs/win7-opcom/win7-opcom.vbox" with version "1.19-linux"
00:08:31.133172 DCon51   Finished saving settings file "/home/gyom/VirtualBox_VMs/win7-opcom/win7-opcom.vbox"
00:08:31.143876 DCon65   ERROR [COM]: aRC=VBOX_E_OBJECT_NOT_FOUND (0x80bb0001) aIID={5bfd8965-b81b-469f-8649-f717ce97a5d5} aComponent={NvramStoreWrap} aText={The UEFI NVRAM file is not existing for this machine}, preserve=false aResultDetail=0
00:08:31.158001 DCon51   Saving settings file "/home/gyom/VirtualBox_VMs/win7-opcom/win7-opcom.vbox" with version "1.19-linux"
00:08:31.161394 DCon51   Finished saving settings file "/home/gyom/VirtualBox_VMs/win7-opcom/win7-opcom.vbox"
00:08:31.163955 DCon65   ERROR [COM]: aRC=VBOX_E_INVALID_VM_STATE (0x80bb0002) aIID={e36a5081-a82a-40bd-9e4e-42a44d6ce50f} aComponent={MachineWrap} aText={The machine is not mutable, saved or running (state is Running)}, preserve=false aResultDetail=0
00:08:31.171550 DCon75   ERROR [COM]: aRC=VBOX_E_OBJECT_NOT_FOUND (0x80bb0001) aIID={5bfd8965-b81b-469f-8649-f717ce97a5d5} aComponent={NvramStoreWrap} aText={The UEFI NVRAM file is not existing for this machine}, preserve=false aResultDetail=0
00:08:31.186919 DCon75   ERROR [COM]: aRC=VBOX_E_INVALID_VM_STATE (0x80bb0002) aIID={e36a5081-a82a-40bd-9e4e-42a44d6ce50f} aComponent={MachineWrap} aText={The machine is not mutable, saved or running (state is Running)}, preserve=false aResultDetail=0
00:08:31.197737 DCon75   WARNING [COM]: aRC=NS_ERROR_FAILURE (0x80004005) aIID={d5dcece0-b202-4416-a138-03502784cc07} aComponent={HostWrap} aText={VirtualBox is not currently allowed to access USB devices.  You can change this by adding your user to the 'vboxusers' group.  Please see the user manual for a more detailed explanation}, preserve=true aResultDetail=0
00:08:31.198978 DCon75   WARNING [COM]: aRC=NS_ERROR_FAILURE (0x80004005) aIID={d5dcece0-b202-4416-a138-03502784cc07} aComponent={HostWrap} aText={VirtualBox is not currently allowed to access USB devices.  You can change this by adding your user to the 'vboxusers' group.  Please see the user manual for a more detailed explanation}, preserve=true aResultDetail=0
00:08:46.045255 DCon75   Saving settings file "/home/gyom/VirtualBox_VMs/win7-opcom/win7-opcom.vbox" with version "1.19-linux"
00:08:46.048824 DCon75   Finished saving settings file "/home/gyom/VirtualBox_VMs/win7-opcom/win7-opcom.vbox"
00:08:46.058453 DCon75   ERROR [COM]: aRC=VBOX_E_OBJECT_NOT_FOUND (0x80bb0001) aIID={5bfd8965-b81b-469f-8649-f717ce97a5d5} aComponent={NvramStoreWrap} aText={The UEFI NVRAM file is not existing for this machine}, preserve=false aResultDetail=0
00:08:46.065248 DCon75   Saving settings file "/home/gyom/VirtualBox_VMs/win7-opcom/win7-opcom.vbox" with version "1.19-linux"
00:08:46.068840 DCon75   Finished saving settings file "/home/gyom/VirtualBox_VMs/win7-opcom/win7-opcom.vbox"
00:08:46.085921 DCon72   ERROR [COM]: aRC=VBOX_E_OBJECT_NOT_FOUND (0x80bb0001) aIID={5bfd8965-b81b-469f-8649-f717ce97a5d5} aComponent={NvramStoreWrap} aText={The UEFI NVRAM file is not existing for this machine}, preserve=false aResultDetail=0
00:08:46.104658 DCon78   ERROR [COM]: aRC=VBOX_E_INVALID_VM_STATE (0x80bb0002) aIID={e36a5081-a82a-40bd-9e4e-42a44d6ce50f} aComponent={MachineWrap} aText={The machine is not mutable, saved or running (state is Running)}, preserve=false aResultDetail=0
00:08:46.115656 DCon78   WARNING [COM]: aRC=NS_ERROR_FAILURE (0x80004005) aIID={d5dcece0-b202-4416-a138-03502784cc07} aComponent={HostWrap} aText={VirtualBox is not currently allowed to access USB devices.  You can change this by adding your user to the 'vboxusers' group.  Please see the user manual for a more detailed explanation}, preserve=true aResultDetail=0
00:08:46.117263 DCon72   WARNING [COM]: aRC=NS_ERROR_FAILURE (0x80004005) aIID={d5dcece0-b202-4416-a138-03502784cc07} aComponent={HostWrap} aText={VirtualBox is not currently allowed to access USB devices.  You can change this by adding your user to the 'vboxusers' group.  Please see the user manual for a more detailed explanation}, preserve=true aResultDetail=0
00:08:46.431995 DCon78   Saving settings file "/home/gyom/VirtualBox_VMs/win7-opcom/win7-opcom.vbox" with version "1.19-linux"
00:08:46.434998 DCon78   Finished saving settings file "/home/gyom/VirtualBox_VMs/win7-opcom/win7-opcom.vbox"
00:08:46.446603 DCon74   ERROR [COM]: aRC=VBOX_E_OBJECT_NOT_FOUND (0x80bb0001) aIID={5bfd8965-b81b-469f-8649-f717ce97a5d5} aComponent={NvramStoreWrap} aText={The UEFI NVRAM file is not existing for this machine}, preserve=false aResultDetail=0
00:08:46.454743 DCon74   Saving settings file "/home/gyom/VirtualBox_VMs/win7-opcom/win7-opcom.vbox" with version "1.19-linux"
00:08:46.459895 DCon74   Finished saving settings file "/home/gyom/VirtualBox_VMs/win7-opcom/win7-opcom.vbox"
00:08:46.490898 DCon74   ERROR [COM]: aRC=VBOX_E_OBJECT_NOT_FOUND (0x80bb0001) aIID={5bfd8965-b81b-469f-8649-f717ce97a5d5} aComponent={NvramStoreWrap} aText={The UEFI NVRAM file is not existing for this machine}, preserve=false aResultDetail=0
00:08:46.503966 DCon75   ERROR [COM]: aRC=VBOX_E_INVALID_VM_STATE (0x80bb0002) aIID={e36a5081-a82a-40bd-9e4e-42a44d6ce50f} aComponent={MachineWrap} aText={The machine is not mutable, saved or running (state is Running)}, preserve=false aResultDetail=0
00:08:46.514433 DCon75   WARNING [COM]: aRC=NS_ERROR_FAILURE (0x80004005) aIID={d5dcece0-b202-4416-a138-03502784cc07} aComponent={HostWrap} aText={VirtualBox is not currently allowed to access USB devices.  You can change this by adding your user to the 'vboxusers' group.  Please see the user manual for a more detailed explanation}, preserve=true aResultDetail=0
00:08:46.515609 DCon75   WARNING [COM]: aRC=NS_ERROR_FAILURE (0x80004005) aIID={d5dcece0-b202-4416-a138-03502784cc07} aComponent={HostWrap} aText={VirtualBox is not currently allowed to access USB devices.  You can change this by adding your user to the 'vboxusers' group.  Please see the user manual for a more detailed explanation}, preserve=true aResultDetail=0
00:08:47.872652 DCon76   Saving settings file "/home/gyom/VirtualBox_VMs/win7-opcom/win7-opcom.vbox" with version "1.19-linux"
00:08:47.877333 DCon76   Finished saving settings file "/home/gyom/VirtualBox_VMs/win7-opcom/win7-opcom.vbox"
00:08:47.884532 DCon76   Saving settings file "/home/gyom/VirtualBox_VMs/win7-opcom/win7-opcom.vbox" with version "1.19-linux"
00:08:47.887462 DCon76   Finished saving settings file "/home/gyom/VirtualBox_VMs/win7-opcom/win7-opcom.vbox"
00:08:47.892063 DCon79   ERROR [COM]: aRC=VBOX_E_OBJECT_NOT_FOUND (0x80bb0001) aIID={5bfd8965-b81b-469f-8649-f717ce97a5d5} aComponent={NvramStoreWrap} aText={The UEFI NVRAM file is not existing for this machine}, preserve=false aResultDetail=0
00:08:47.901547 DCon81   ERROR [COM]: aRC=VBOX_E_OBJECT_NOT_FOUND (0x80bb0001) aIID={5bfd8965-b81b-469f-8649-f717ce97a5d5} aComponent={NvramStoreWrap} aText={The UEFI NVRAM file is not existing for this machine}, preserve=false aResultDetail=0
00:08:47.917595 DCon79   ERROR [COM]: aRC=VBOX_E_INVALID_VM_STATE (0x80bb0002) aIID={e36a5081-a82a-40bd-9e4e-42a44d6ce50f} aComponent={MachineWrap} aText={The machine is not mutable, saved or running (state is Running)}, preserve=false aResultDetail=0
00:08:47.927874 DCon79   WARNING [COM]: aRC=NS_ERROR_FAILURE (0x80004005) aIID={d5dcece0-b202-4416-a138-03502784cc07} aComponent={HostWrap} aText={VirtualBox is not currently allowed to access USB devices.  You can change this by adding your user to the 'vboxusers' group.  Please see the user manual for a more detailed explanation}, preserve=true aResultDetail=0
00:08:47.929057 DCon79   WARNING [COM]: aRC=NS_ERROR_FAILURE (0x80004005) aIID={d5dcece0-b202-4416-a138-03502784cc07} aComponent={HostWrap} aText={VirtualBox is not currently allowed to access USB devices.  You can change this by adding your user to the 'vboxusers' group.  Please see the user manual for a more detailed explanation}, preserve=true aResultDetail=0
00:08:51.428569 DCon73   Saving settings file "/home/gyom/VirtualBox_VMs/win7-opcom/win7-opcom.vbox" with version "1.19-linux"
00:08:51.431959 DCon73   Finished saving settings file "/home/gyom/VirtualBox_VMs/win7-opcom/win7-opcom.vbox"
00:08:51.442764 DCon78   ERROR [COM]: aRC=VBOX_E_OBJECT_NOT_FOUND (0x80bb0001) aIID={5bfd8965-b81b-469f-8649-f717ce97a5d5} aComponent={NvramStoreWrap} aText={The UEFI NVRAM file is not existing for this machine}, preserve=false aResultDetail=0
00:08:51.456291 DCon80   Saving settings file "/home/gyom/VirtualBox_VMs/win7-opcom/win7-opcom.vbox" with version "1.19-linux"
00:08:51.459276 DCon80   Finished saving settings file "/home/gyom/VirtualBox_VMs/win7-opcom/win7-opcom.vbox"
00:08:51.471647 DCon73   ERROR [COM]: aRC=VBOX_E_OBJECT_NOT_FOUND (0x80bb0001) aIID={5bfd8965-b81b-469f-8649-f717ce97a5d5} aComponent={NvramStoreWrap} aText={The UEFI NVRAM file is not existing for this machine}, preserve=false aResultDetail=0
00:08:51.490574 DCon78   ERROR [COM]: aRC=VBOX_E_INVALID_VM_STATE (0x80bb0002) aIID={e36a5081-a82a-40bd-9e4e-42a44d6ce50f} aComponent={MachineWrap} aText={The machine is not mutable, saved or running (state is Running)}, preserve=false aResultDetail=0
00:08:51.501741 DCon78   WARNING [COM]: aRC=NS_ERROR_FAILURE (0x80004005) aIID={d5dcece0-b202-4416-a138-03502784cc07} aComponent={HostWrap} aText={VirtualBox is not currently allowed to access USB devices.  You can change this by adding your user to the 'vboxusers' group.  Please see the user manual for a more detailed explanation}, preserve=true aResultDetail=0
00:08:51.503021 DCon78   WARNING [COM]: aRC=NS_ERROR_FAILURE (0x80004005) aIID={d5dcece0-b202-4416-a138-03502784cc07} aComponent={HostWrap} aText={VirtualBox is not currently allowed to access USB devices.  You can change this by adding your user to the 'vboxusers' group.  Please see the user manual for a more detailed explanation}, preserve=true aResultDetail=0
00:08:54.092857 DCon73   Saving settings file "/home/gyom/VirtualBox_VMs/win7-opcom/win7-opcom.vbox" with version "1.19-linux"
00:08:54.096120 DCon73   Finished saving settings file "/home/gyom/VirtualBox_VMs/win7-opcom/win7-opcom.vbox"
00:08:54.105108 DCon78   ERROR [COM]: aRC=VBOX_E_OBJECT_NOT_FOUND (0x80bb0001) aIID={5bfd8965-b81b-469f-8649-f717ce97a5d5} aComponent={NvramStoreWrap} aText={The UEFI NVRAM file is not existing for this machine}, preserve=false aResultDetail=0
00:08:54.112594 DCon76   Saving settings file "/home/gyom/VirtualBox_VMs/win7-opcom/win7-opcom.vbox" with version "1.19-linux"
00:08:54.116045 DCon76   Finished saving settings file "/home/gyom/VirtualBox_VMs/win7-opcom/win7-opcom.vbox"
00:08:54.132455 DCon81   ERROR [COM]: aRC=VBOX_E_OBJECT_NOT_FOUND (0x80bb0001) aIID={5bfd8965-b81b-469f-8649-f717ce97a5d5} aComponent={NvramStoreWrap} aText={The UEFI NVRAM file is not existing for this machine}, preserve=false aResultDetail=0
00:08:54.150607 DCon80   ERROR [COM]: aRC=VBOX_E_INVALID_VM_STATE (0x80bb0002) aIID={e36a5081-a82a-40bd-9e4e-42a44d6ce50f} aComponent={MachineWrap} aText={The machine is not mutable, saved or running (state is Running)}, preserve=false aResultDetail=0
00:08:54.161018 DCon80   WARNING [COM]: aRC=NS_ERROR_FAILURE (0x80004005) aIID={d5dcece0-b202-4416-a138-03502784cc07} aComponent={HostWrap} aText={VirtualBox is not currently allowed to access USB devices.  You can change this by adding your user to the 'vboxusers' group.  Please see the user manual for a more detailed explanation}, preserve=true aResultDetail=0
00:08:54.162254 DCon80   WARNING [COM]: aRC=NS_ERROR_FAILURE (0x80004005) aIID={d5dcece0-b202-4416-a138-03502784cc07} aComponent={HostWrap} aText={VirtualBox is not currently allowed to access USB devices.  You can change this by adding your user to the 'vboxusers' group.  Please see the user manual for a more detailed explanation}, preserve=true aResultDetail=0
00:09:00.576821 DCon80   Saving settings file "/home/gyom/VirtualBox_VMs/win7-opcom/win7-opcom.vbox" with version "1.19-linux"
00:09:00.580340 DCon80   Finished saving settings file "/home/gyom/VirtualBox_VMs/win7-opcom/win7-opcom.vbox"
00:09:00.588543 DCon56   Saving settings file "/home/gyom/VirtualBox_VMs/win7-opcom/win7-opcom.vbox" with version "1.19-linux"
00:09:00.591384 DCon56   Finished saving settings file "/home/gyom/VirtualBox_VMs/win7-opcom/win7-opcom.vbox"
00:09:00.594144 DCon81   ERROR [COM]: aRC=VBOX_E_OBJECT_NOT_FOUND (0x80bb0001) aIID={5bfd8965-b81b-469f-8649-f717ce97a5d5} aComponent={NvramStoreWrap} aText={The UEFI NVRAM file is not existing for this machine}, preserve=false aResultDetail=0
00:09:00.601563 DCon73   ERROR [COM]: aRC=VBOX_E_OBJECT_NOT_FOUND (0x80bb0001) aIID={5bfd8965-b81b-469f-8649-f717ce97a5d5} aComponent={NvramStoreWrap} aText={The UEFI NVRAM file is not existing for this machine}, preserve=false aResultDetail=0
00:09:00.621861 DCon81   ERROR [COM]: aRC=VBOX_E_INVALID_VM_STATE (0x80bb0002) aIID={e36a5081-a82a-40bd-9e4e-42a44d6ce50f} aComponent={MachineWrap} aText={The machine is not mutable, saved or running (state is Running)}, preserve=false aResultDetail=0
00:09:00.632224 DCon81   WARNING [COM]: aRC=NS_ERROR_FAILURE (0x80004005) aIID={d5dcece0-b202-4416-a138-03502784cc07} aComponent={HostWrap} aText={VirtualBox is not currently allowed to access USB devices.  You can change this by adding your user to the 'vboxusers' group.  Please see the user manual for a more detailed explanation}, preserve=true aResultDetail=0
00:09:00.633480 DCon81   WARNING [COM]: aRC=NS_ERROR_FAILURE (0x80004005) aIID={d5dcece0-b202-4416-a138-03502784cc07} aComponent={HostWrap} aText={VirtualBox is not currently allowed to access USB devices.  You can change this by adding your user to the 'vboxusers' group.  Please see the user manual for a more detailed explanation}, preserve=true aResultDetail=0
00:09:26.940326 DCon78   Saving settings file "/home/gyom/VirtualBox_VMs/win7-opcom/win7-opcom.vbox" with version "1.19-linux"
00:09:26.944646 DCon78   Finished saving settings file "/home/gyom/VirtualBox_VMs/win7-opcom/win7-opcom.vbox"
00:09:26.955645 DCon81   ERROR [COM]: aRC=VBOX_E_OBJECT_NOT_FOUND (0x80bb0001) aIID={5bfd8965-b81b-469f-8649-f717ce97a5d5} aComponent={NvramStoreWrap} aText={The UEFI NVRAM file is not existing for this machine}, preserve=false aResultDetail=0
00:09:26.963078 DCon85   Saving settings file "/home/gyom/VirtualBox_VMs/win7-opcom/win7-opcom.vbox" with version "1.19-linux"
00:09:26.967707 DCon85   Finished saving settings file "/home/gyom/VirtualBox_VMs/win7-opcom/win7-opcom.vbox"
00:09:26.985013 DCon81   ERROR [COM]: aRC=VBOX_E_OBJECT_NOT_FOUND (0x80bb0001) aIID={5bfd8965-b81b-469f-8649-f717ce97a5d5} aComponent={NvramStoreWrap} aText={The UEFI NVRAM file is not existing for this machine}, preserve=false aResultDetail=0
00:09:27.016448 DCon84   ERROR [COM]: aRC=VBOX_E_INVALID_VM_STATE (0x80bb0002) aIID={e36a5081-a82a-40bd-9e4e-42a44d6ce50f} aComponent={MachineWrap} aText={The machine is not mutable, saved or running (state is Running)}, preserve=false aResultDetail=0
00:09:27.027069 DCon84   WARNING [COM]: aRC=NS_ERROR_FAILURE (0x80004005) aIID={d5dcece0-b202-4416-a138-03502784cc07} aComponent={HostWrap} aText={VirtualBox is not currently allowed to access USB devices.  You can change this by adding your user to the 'vboxusers' group.  Please see the user manual for a more detailed explanation}, preserve=true aResultDetail=0
00:09:27.028326 DCon84   WARNING [COM]: aRC=NS_ERROR_FAILURE (0x80004005) aIID={d5dcece0-b202-4416-a138-03502784cc07} aComponent={HostWrap} aText={VirtualBox is not currently allowed to access USB devices.  You can change this by adding your user to the 'vboxusers' group.  Please see the user manual for a more detailed explanation}, preserve=true aResultDetail=0
00:09:27.282549 DCon85   Saving settings file "/home/gyom/VirtualBox_VMs/win7-opcom/win7-opcom.vbox" with version "1.19-linux"
00:09:27.286205 DCon85   Finished saving settings file "/home/gyom/VirtualBox_VMs/win7-opcom/win7-opcom.vbox"
00:09:27.295250 DCon86   ERROR [COM]: aRC=VBOX_E_OBJECT_NOT_FOUND (0x80bb0001) aIID={5bfd8965-b81b-469f-8649-f717ce97a5d5} aComponent={NvramStoreWrap} aText={The UEFI NVRAM file is not existing for this machine}, preserve=false aResultDetail=0
00:09:27.300958 DCon86   Saving settings file "/home/gyom/VirtualBox_VMs/win7-opcom/win7-opcom.vbox" with version "1.19-linux"
00:09:27.304185 DCon86   Finished saving settings file "/home/gyom/VirtualBox_VMs/win7-opcom/win7-opcom.vbox"
00:09:27.315369 DCon75   ERROR [COM]: aRC=VBOX_E_OBJECT_NOT_FOUND (0x80bb0001) aIID={5bfd8965-b81b-469f-8649-f717ce97a5d5} aComponent={NvramStoreWrap} aText={The UEFI NVRAM file is not existing for this machine}, preserve=false aResultDetail=0
00:09:27.329112 DCon75   ERROR [COM]: aRC=VBOX_E_INVALID_VM_STATE (0x80bb0002) aIID={e36a5081-a82a-40bd-9e4e-42a44d6ce50f} aComponent={MachineWrap} aText={The machine is not mutable, saved or running (state is Running)}, preserve=false aResultDetail=0
00:09:27.340599 DCon75   WARNING [COM]: aRC=NS_ERROR_FAILURE (0x80004005) aIID={d5dcece0-b202-4416-a138-03502784cc07} aComponent={HostWrap} aText={VirtualBox is not currently allowed to access USB devices.  You can change this by adding your user to the 'vboxusers' group.  Please see the user manual for a more detailed explanation}, preserve=true aResultDetail=0
00:09:27.342056 DCon75   WARNING [COM]: aRC=NS_ERROR_FAILURE (0x80004005) aIID={d5dcece0-b202-4416-a138-03502784cc07} aComponent={HostWrap} aText={VirtualBox is not currently allowed to access USB devices.  You can change this by adding your user to the 'vboxusers' group.  Please see the user manual for a more detailed explanation}, preserve=true aResultDetail=0
00:09:45.752741 DCon84   Saving settings file "/home/gyom/VirtualBox_VMs/win7-opcom/win7-opcom.vbox" with version "1.19-linux"
00:09:45.755944 DCon84   Finished saving settings file "/home/gyom/VirtualBox_VMs/win7-opcom/win7-opcom.vbox"
00:09:45.767268 DCon81   ERROR [COM]: aRC=VBOX_E_OBJECT_NOT_FOUND (0x80bb0001) aIID={5bfd8965-b81b-469f-8649-f717ce97a5d5} aComponent={NvramStoreWrap} aText={The UEFI NVRAM file is not existing for this machine}, preserve=false aResultDetail=0
00:09:45.780297 DCon84   ERROR [COM]: aRC=VBOX_E_INVALID_VM_STATE (0x80bb0002) aIID={e36a5081-a82a-40bd-9e4e-42a44d6ce50f} aComponent={MachineWrap} aText={The machine is not mutable, saved or running (state is Running)}, preserve=false aResultDetail=0
00:09:45.791396 DCon84   WARNING [COM]: aRC=NS_ERROR_FAILURE (0x80004005) aIID={d5dcece0-b202-4416-a138-03502784cc07} aComponent={HostWrap} aText={VirtualBox is not currently allowed to access USB devices.  You can change this by adding your user to the 'vboxusers' group.  Please see the user manual for a more detailed explanation}, preserve=true aResultDetail=0
00:09:45.792648 DCon84   WARNING [COM]: aRC=NS_ERROR_FAILURE (0x80004005) aIID={d5dcece0-b202-4416-a138-03502784cc07} aComponent={HostWrap} aText={VirtualBox is not currently allowed to access USB devices.  You can change this by adding your user to the 'vboxusers' group.  Please see the user manual for a more detailed explanation}, preserve=true aResultDetail=0
00:09:45.990460 DCon84   Saving settings file "/home/gyom/VirtualBox_VMs/win7-opcom/win7-opcom.vbox" with version "1.19-linux"
00:09:45.993665 DCon84   Finished saving settings file "/home/gyom/VirtualBox_VMs/win7-opcom/win7-opcom.vbox"
00:09:46.005802 DCon86   ERROR [COM]: aRC=VBOX_E_OBJECT_NOT_FOUND (0x80bb0001) aIID={5bfd8965-b81b-469f-8649-f717ce97a5d5} aComponent={NvramStoreWrap} aText={The UEFI NVRAM file is not existing for this machine}, preserve=false aResultDetail=0
00:09:46.024368 DCon86   ERROR [COM]: aRC=VBOX_E_INVALID_VM_STATE (0x80bb0002) aIID={e36a5081-a82a-40bd-9e4e-42a44d6ce50f} aComponent={MachineWrap} aText={The machine is not mutable, saved or running (state is Running)}, preserve=false aResultDetail=0
00:09:46.036742 DCon86   WARNING [COM]: aRC=NS_ERROR_FAILURE (0x80004005) aIID={d5dcece0-b202-4416-a138-03502784cc07} aComponent={HostWrap} aText={VirtualBox is not currently allowed to access USB devices.  You can change this by adding your user to the 'vboxusers' group.  Please see the user manual for a more detailed explanation}, preserve=true aResultDetail=0
00:09:46.038097 DCon86   WARNING [COM]: aRC=NS_ERROR_FAILURE (0x80004005) aIID={d5dcece0-b202-4416-a138-03502784cc07} aComponent={HostWrap} aText={VirtualBox is not currently allowed to access USB devices.  You can change this by adding your user to the 'vboxusers' group.  Please see the user manual for a more detailed explanation}, preserve=true aResultDetail=0
00:09:46.283776 DCon86   Saving settings file "/home/gyom/VirtualBox_VMs/win7-opcom/win7-opcom.vbox" with version "1.19-linux"
00:09:46.286807 DCon86   Finished saving settings file "/home/gyom/VirtualBox_VMs/win7-opcom/win7-opcom.vbox"
00:09:46.297375 DCon56   ERROR [COM]: aRC=VBOX_E_OBJECT_NOT_FOUND (0x80bb0001) aIID={5bfd8965-b81b-469f-8649-f717ce97a5d5} aComponent={NvramStoreWrap} aText={The UEFI NVRAM file is not existing for this machine}, preserve=false aResultDetail=0
00:09:46.314556 DCon90   Saving settings file "/home/gyom/VirtualBox_VMs/win7-opcom/win7-opcom.vbox" with version "1.19-linux"
00:09:46.317750 DCon90   Finished saving settings file "/home/gyom/VirtualBox_VMs/win7-opcom/win7-opcom.vbox"
00:09:46.320039 DCon88   ERROR [COM]: aRC=VBOX_E_INVALID_VM_STATE (0x80bb0002) aIID={e36a5081-a82a-40bd-9e4e-42a44d6ce50f} aComponent={MachineWrap} aText={The machine is not mutable, saved or running (state is Running)}, preserve=false aResultDetail=0
00:09:46.329930 DCon56   ERROR [COM]: aRC=VBOX_E_OBJECT_NOT_FOUND (0x80bb0001) aIID={5bfd8965-b81b-469f-8649-f717ce97a5d5} aComponent={NvramStoreWrap} aText={The UEFI NVRAM file is not existing for this machine}, preserve=false aResultDetail=0
00:09:46.346944 DCon81   Saving settings file "/home/gyom/VirtualBox_VMs/win7-opcom/win7-opcom.vbox" with version "1.19-linux"
00:09:46.350468 DCon81   Finished saving settings file "/home/gyom/VirtualBox_VMs/win7-opcom/win7-opcom.vbox"
00:09:46.353180 DCon86   ERROR [COM]: aRC=VBOX_E_INVALID_VM_STATE (0x80bb0002) aIID={e36a5081-a82a-40bd-9e4e-42a44d6ce50f} aComponent={MachineWrap} aText={The machine is not mutable, saved or running (state is Running)}, preserve=false aResultDetail=0
00:09:46.362391 DCon86   ERROR [COM]: aRC=VBOX_E_OBJECT_NOT_FOUND (0x80bb0001) aIID={5bfd8965-b81b-469f-8649-f717ce97a5d5} aComponent={NvramStoreWrap} aText={The UEFI NVRAM file is not existing for this machine}, preserve=false aResultDetail=0
00:09:46.381353 DCon87   Saving settings file "/home/gyom/VirtualBox_VMs/win7-opcom/win7-opcom.vbox" with version "1.19-linux"
00:09:46.384735 DCon87   Finished saving settings file "/home/gyom/VirtualBox_VMs/win7-opcom/win7-opcom.vbox"
00:09:46.387205 DCon81   ERROR [COM]: aRC=VBOX_E_INVALID_VM_STATE (0x80bb0002) aIID={e36a5081-a82a-40bd-9e4e-42a44d6ce50f} aComponent={MachineWrap} aText={The machine is not mutable, saved or running (state is Running)}, preserve=false aResultDetail=0
00:09:46.396429 DCon81   ERROR [COM]: aRC=VBOX_E_OBJECT_NOT_FOUND (0x80bb0001) aIID={5bfd8965-b81b-469f-8649-f717ce97a5d5} aComponent={NvramStoreWrap} aText={The UEFI NVRAM file is not existing for this machine}, preserve=false aResultDetail=0
00:09:46.418760 DCon87   Saving settings file "/home/gyom/VirtualBox_VMs/win7-opcom/win7-opcom.vbox" with version "1.19-linux"
00:09:46.421814 DCon87   Finished saving settings file "/home/gyom/VirtualBox_VMs/win7-opcom/win7-opcom.vbox"
00:09:46.422180 DCon90   ERROR [COM]: aRC=VBOX_E_INVALID_VM_STATE (0x80bb0002) aIID={e36a5081-a82a-40bd-9e4e-42a44d6ce50f} aComponent={MachineWrap} aText={The machine is not mutable, saved or running (state is Running)}, preserve=false aResultDetail=0
00:09:46.432589 DCon86   ERROR [COM]: aRC=VBOX_E_OBJECT_NOT_FOUND (0x80bb0001) aIID={5bfd8965-b81b-469f-8649-f717ce97a5d5} aComponent={NvramStoreWrap} aText={The UEFI NVRAM file is not existing for this machine}, preserve=false aResultDetail=0
00:09:46.442020 DCon90   Saving settings file "/home/gyom/VirtualBox_VMs/win7-opcom/win7-opcom.vbox" with version "1.19-linux"
00:09:46.445533 DCon90   Finished saving settings file "/home/gyom/VirtualBox_VMs/win7-opcom/win7-opcom.vbox"
00:09:46.466892 DCon56   ERROR [COM]: aRC=VBOX_E_OBJECT_NOT_FOUND (0x80bb0001) aIID={5bfd8965-b81b-469f-8649-f717ce97a5d5} aComponent={NvramStoreWrap} aText={The UEFI NVRAM file is not existing for this machine}, preserve=false aResultDetail=0
00:09:46.491517 DCon90   ERROR [COM]: aRC=VBOX_E_INVALID_VM_STATE (0x80bb0002) aIID={e36a5081-a82a-40bd-9e4e-42a44d6ce50f} aComponent={MachineWrap} aText={The machine is not mutable, saved or running (state is Running)}, preserve=false aResultDetail=0
00:09:46.496932 DCon90   Saving settings file "/home/gyom/VirtualBox_VMs/win7-opcom/win7-opcom.vbox" with version "1.19-linux"
00:09:46.501805 DCon90   Finished saving settings file "/home/gyom/VirtualBox_VMs/win7-opcom/win7-opcom.vbox"
00:09:46.512302 DCon89   ERROR [COM]: aRC=VBOX_E_OBJECT_NOT_FOUND (0x80bb0001) aIID={5bfd8965-b81b-469f-8649-f717ce97a5d5} aComponent={NvramStoreWrap} aText={The UEFI NVRAM file is not existing for this machine}, preserve=false aResultDetail=0
00:09:46.534230 DCon89   ERROR [COM]: aRC=VBOX_E_INVALID_VM_STATE (0x80bb0002) aIID={e36a5081-a82a-40bd-9e4e-42a44d6ce50f} aComponent={MachineWrap} aText={The machine is not mutable, saved or running (state is Running)}, preserve=false aResultDetail=0
00:09:46.541658 DCon56   Saving settings file "/home/gyom/VirtualBox_VMs/win7-opcom/win7-opcom.vbox" with version "1.19-linux"
00:09:46.545522 DCon56   Finished saving settings file "/home/gyom/VirtualBox_VMs/win7-opcom/win7-opcom.vbox"
00:09:46.556310 DCon86   ERROR [COM]: aRC=VBOX_E_OBJECT_NOT_FOUND (0x80bb0001) aIID={5bfd8965-b81b-469f-8649-f717ce97a5d5} aComponent={NvramStoreWrap} aText={The UEFI NVRAM file is not existing for this machine}, preserve=false aResultDetail=0
00:09:46.566720 DCon56   Saving settings file "/home/gyom/VirtualBox_VMs/win7-opcom/win7-opcom.vbox" with version "1.19-linux"
00:09:46.570123 DCon56   Finished saving settings file "/home/gyom/VirtualBox_VMs/win7-opcom/win7-opcom.vbox"
00:09:46.586135 DCon87   ERROR [COM]: aRC=VBOX_E_OBJECT_NOT_FOUND (0x80bb0001) aIID={5bfd8965-b81b-469f-8649-f717ce97a5d5} aComponent={NvramStoreWrap} aText={The UEFI NVRAM file is not existing for this machine}, preserve=false aResultDetail=0
00:09:46.612713 DCon87   ERROR [COM]: aRC=VBOX_E_INVALID_VM_STATE (0x80bb0002) aIID={e36a5081-a82a-40bd-9e4e-42a44d6ce50f} aComponent={MachineWrap} aText={The machine is not mutable, saved or running (state is Running)}, preserve=false aResultDetail=0
00:09:46.613674 DCon86   Saving settings file "/home/gyom/VirtualBox_VMs/win7-opcom/win7-opcom.vbox" with version "1.19-linux"
00:09:46.616945 DCon86   Finished saving settings file "/home/gyom/VirtualBox_VMs/win7-opcom/win7-opcom.vbox"
00:09:46.629035 DCon75   ERROR [COM]: aRC=VBOX_E_OBJECT_NOT_FOUND (0x80bb0001) aIID={5bfd8965-b81b-469f-8649-f717ce97a5d5} aComponent={NvramStoreWrap} aText={The UEFI NVRAM file is not existing for this machine}, preserve=false aResultDetail=0
00:09:46.652770 DCon81   ERROR [COM]: aRC=VBOX_E_INVALID_VM_STATE (0x80bb0002) aIID={e36a5081-a82a-40bd-9e4e-42a44d6ce50f} aComponent={MachineWrap} aText={The machine is not mutable, saved or running (state is Running)}, preserve=false aResultDetail=0
00:09:46.664399 DCon87   WARNING [COM]: aRC=NS_ERROR_FAILURE (0x80004005) aIID={d5dcece0-b202-4416-a138-03502784cc07} aComponent={HostWrap} aText={VirtualBox is not currently allowed to access USB devices.  You can change this by adding your user to the 'vboxusers' group.  Please see the user manual for a more detailed explanation}, preserve=true aResultDetail=0
00:09:46.665572 DCon87   WARNING [COM]: aRC=NS_ERROR_FAILURE (0x80004005) aIID={d5dcece0-b202-4416-a138-03502784cc07} aComponent={HostWrap} aText={VirtualBox is not currently allowed to access USB devices.  You can change this by adding your user to the 'vboxusers' group.  Please see the user manual for a more detailed explanation}, preserve=true aResultDetail=0
00:09:46.769563 DCon87   Saving settings file "/home/gyom/VirtualBox_VMs/win7-opcom/win7-opcom.vbox" with version "1.19-linux"
00:09:46.772732 DCon87   Finished saving settings file "/home/gyom/VirtualBox_VMs/win7-opcom/win7-opcom.vbox"
00:09:46.782530 DCon90   ERROR [COM]: aRC=VBOX_E_OBJECT_NOT_FOUND (0x80bb0001) aIID={5bfd8965-b81b-469f-8649-f717ce97a5d5} aComponent={NvramStoreWrap} aText={The UEFI NVRAM file is not existing for this machine}, preserve=false aResultDetail=0
00:09:46.802662 DCon90   ERROR [COM]: aRC=VBOX_E_INVALID_VM_STATE (0x80bb0002) aIID={e36a5081-a82a-40bd-9e4e-42a44d6ce50f} aComponent={MachineWrap} aText={The machine is not mutable, saved or running (state is Running)}, preserve=false aResultDetail=0
00:09:46.816617 DCon88   WARNING [COM]: aRC=NS_ERROR_FAILURE (0x80004005) aIID={d5dcece0-b202-4416-a138-03502784cc07} aComponent={HostWrap} aText={VirtualBox is not currently allowed to access USB devices.  You can change this by adding your user to the 'vboxusers' group.  Please see the user manual for a more detailed explanation}, preserve=true aResultDetail=0
00:09:46.817941 DCon75   WARNING [COM]: aRC=NS_ERROR_FAILURE (0x80004005) aIID={d5dcece0-b202-4416-a138-03502784cc07} aComponent={HostWrap} aText={VirtualBox is not currently allowed to access USB devices.  You can change this by adding your user to the 'vboxusers' group.  Please see the user manual for a more detailed explanation}, preserve=true aResultDetail=0
00:09:46.818584 DCon88   Saving settings file "/home/gyom/VirtualBox_VMs/win7-opcom/win7-opcom.vbox" with version "1.19-linux"
00:09:46.821600 DCon88   Finished saving settings file "/home/gyom/VirtualBox_VMs/win7-opcom/win7-opcom.vbox"
00:09:46.831898 DCon91   ERROR [COM]: aRC=VBOX_E_OBJECT_NOT_FOUND (0x80bb0001) aIID={5bfd8965-b81b-469f-8649-f717ce97a5d5} aComponent={NvramStoreWrap} aText={The UEFI NVRAM file is not existing for this machine}, preserve=false aResultDetail=0
00:09:46.853334 DCon91   ERROR [COM]: aRC=VBOX_E_INVALID_VM_STATE (0x80bb0002) aIID={e36a5081-a82a-40bd-9e4e-42a44d6ce50f} aComponent={MachineWrap} aText={The machine is not mutable, saved or running (state is Running)}, preserve=false aResultDetail=0
00:09:46.866680 DCon91   WARNING [COM]: aRC=NS_ERROR_FAILURE (0x80004005) aIID={d5dcece0-b202-4416-a138-03502784cc07} aComponent={HostWrap} aText={VirtualBox is not currently allowed to access USB devices.  You can change this by adding your user to the 'vboxusers' group.  Please see the user manual for a more detailed explanation}, preserve=true aResultDetail=0
00:09:46.867942 DCon91   WARNING [COM]: aRC=NS_ERROR_FAILURE (0x80004005) aIID={d5dcece0-b202-4416-a138-03502784cc07} aComponent={HostWrap} aText={VirtualBox is not currently allowed to access USB devices.  You can change this by adding your user to the 'vboxusers' group.  Please see the user manual for a more detailed explanation}, preserve=true aResultDetail=0
00:09:46.889636 DCon91   Saving settings file "/home/gyom/VirtualBox_VMs/win7-opcom/win7-opcom.vbox" with version "1.19-linux"
00:09:46.892749 DCon91   Finished saving settings file "/home/gyom/VirtualBox_VMs/win7-opcom/win7-opcom.vbox"
00:09:46.902150 DCon90   ERROR [COM]: aRC=VBOX_E_OBJECT_NOT_FOUND (0x80bb0001) aIID={5bfd8965-b81b-469f-8649-f717ce97a5d5} aComponent={NvramStoreWrap} aText={The UEFI NVRAM file is not existing for this machine}, preserve=false aResultDetail=0
00:09:46.923156 DCon88   ERROR [COM]: aRC=VBOX_E_INVALID_VM_STATE (0x80bb0002) aIID={e36a5081-a82a-40bd-9e4e-42a44d6ce50f} aComponent={MachineWrap} aText={The machine is not mutable, saved or running (state is Running)}, preserve=false aResultDetail=0
00:09:46.934806 DCon88   WARNING [COM]: aRC=NS_ERROR_FAILURE (0x80004005) aIID={d5dcece0-b202-4416-a138-03502784cc07} aComponent={HostWrap} aText={VirtualBox is not currently allowed to access USB devices.  You can change this by adding your user to the 'vboxusers' group.  Please see the user manual for a more detailed explanation}, preserve=true aResultDetail=0
00:09:46.936266 DCon88   WARNING [COM]: aRC=NS_ERROR_FAILURE (0x80004005) aIID={d5dcece0-b202-4416-a138-03502784cc07} aComponent={HostWrap} aText={VirtualBox is not currently allowed to access USB devices.  You can change this by adding your user to the 'vboxusers' group.  Please see the user manual for a more detailed explanation}, preserve=true aResultDetail=0
00:09:47.070434 DCon90   Saving settings file "/home/gyom/VirtualBox_VMs/win7-opcom/win7-opcom.vbox" with version "1.19-linux"
00:09:47.073670 DCon90   Finished saving settings file "/home/gyom/VirtualBox_VMs/win7-opcom/win7-opcom.vbox"
00:09:47.085397 DCon84   ERROR [COM]: aRC=VBOX_E_OBJECT_NOT_FOUND (0x80bb0001) aIID={5bfd8965-b81b-469f-8649-f717ce97a5d5} aComponent={NvramStoreWrap} aText={The UEFI NVRAM file is not existing for this machine}, preserve=false aResultDetail=0
00:09:47.107403 DCon84   ERROR [COM]: aRC=VBOX_E_INVALID_VM_STATE (0x80bb0002) aIID={e36a5081-a82a-40bd-9e4e-42a44d6ce50f} aComponent={MachineWrap} aText={The machine is not mutable, saved or running (state is Running)}, preserve=false aResultDetail=0
00:09:47.118447 DCon84   WARNING [COM]: aRC=NS_ERROR_FAILURE (0x80004005) aIID={d5dcece0-b202-4416-a138-03502784cc07} aComponent={HostWrap} aText={VirtualBox is not currently allowed to access USB devices.  You can change this by adding your user to the 'vboxusers' group.  Please see the user manual for a more detailed explanation}, preserve=true aResultDetail=0
00:09:47.119599 DCon84   WARNING [COM]: aRC=NS_ERROR_FAILURE (0x80004005) aIID={d5dcece0-b202-4416-a138-03502784cc07} aComponent={HostWrap} aText={VirtualBox is not currently allowed to access USB devices.  You can change this by adding your user to the 'vboxusers' group.  Please see the user manual for a more detailed explanation}, preserve=true aResultDetail=0
00:09:47.234443 DCon84   Saving settings file "/home/gyom/VirtualBox_VMs/win7-opcom/win7-opcom.vbox" with version "1.19-linux"
00:09:47.238203 DCon84   Finished saving settings file "/home/gyom/VirtualBox_VMs/win7-opcom/win7-opcom.vbox"
00:09:47.251039 DCon90   ERROR [COM]: aRC=VBOX_E_OBJECT_NOT_FOUND (0x80bb0001) aIID={5bfd8965-b81b-469f-8649-f717ce97a5d5} aComponent={NvramStoreWrap} aText={The UEFI NVRAM file is not existing for this machine}, preserve=false aResultDetail=0
00:09:47.274221 DCon86   ERROR [COM]: aRC=VBOX_E_INVALID_VM_STATE (0x80bb0002) aIID={e36a5081-a82a-40bd-9e4e-42a44d6ce50f} aComponent={MachineWrap} aText={The machine is not mutable, saved or running (state is Running)}, preserve=false aResultDetail=0
00:09:47.285132 DCon90   Saving settings file "/home/gyom/VirtualBox_VMs/win7-opcom/win7-opcom.vbox" with version "1.19-linux"
00:09:47.288281 DCon90   Finished saving settings file "/home/gyom/VirtualBox_VMs/win7-opcom/win7-opcom.vbox"
00:09:47.299571 DCon84   ERROR [COM]: aRC=VBOX_E_OBJECT_NOT_FOUND (0x80bb0001) aIID={5bfd8965-b81b-469f-8649-f717ce97a5d5} aComponent={NvramStoreWrap} aText={The UEFI NVRAM file is not existing for this machine}, preserve=false aResultDetail=0
00:09:47.321675 DCon87   ERROR [COM]: aRC=VBOX_E_INVALID_VM_STATE (0x80bb0002) aIID={e36a5081-a82a-40bd-9e4e-42a44d6ce50f} aComponent={MachineWrap} aText={The machine is not mutable, saved or running (state is Running)}, preserve=false aResultDetail=0
00:09:47.331391 DCon87   WARNING [COM]: aRC=NS_ERROR_FAILURE (0x80004005) aIID={d5dcece0-b202-4416-a138-03502784cc07} aComponent={HostWrap} aText={VirtualBox is not currently allowed to access USB devices.  You can change this by adding your user to the 'vboxusers' group.  Please see the user manual for a more detailed explanation}, preserve=true aResultDetail=0
00:09:47.332480 DCon87   WARNING [COM]: aRC=NS_ERROR_FAILURE (0x80004005) aIID={d5dcece0-b202-4416-a138-03502784cc07} aComponent={HostWrap} aText={VirtualBox is not currently allowed to access USB devices.  You can change this by adding your user to the 'vboxusers' group.  Please see the user manual for a more detailed explanation}, preserve=true aResultDetail=0
00:09:47.422875 DCon87   Saving settings file "/home/gyom/VirtualBox_VMs/win7-opcom/win7-opcom.vbox" with version "1.19-linux"
00:09:47.426391 DCon87   Finished saving settings file "/home/gyom/VirtualBox_VMs/win7-opcom/win7-opcom.vbox"
00:09:47.440126 DCon84   ERROR [COM]: aRC=VBOX_E_OBJECT_NOT_FOUND (0x80bb0001) aIID={5bfd8965-b81b-469f-8649-f717ce97a5d5} aComponent={NvramStoreWrap} aText={The UEFI NVRAM file is not existing for this machine}, preserve=false aResultDetail=0
00:09:47.463309 DCon84   ERROR [COM]: aRC=VBOX_E_INVALID_VM_STATE (0x80bb0002) aIID={e36a5081-a82a-40bd-9e4e-42a44d6ce50f} aComponent={MachineWrap} aText={The machine is not mutable, saved or running (state is Running)}, preserve=false aResultDetail=0
00:09:47.474715 DCon84   WARNING [COM]: aRC=NS_ERROR_FAILURE (0x80004005) aIID={d5dcece0-b202-4416-a138-03502784cc07} aComponent={HostWrap} aText={VirtualBox is not currently allowed to access USB devices.  You can change this by adding your user to the 'vboxusers' group.  Please see the user manual for a more detailed explanation}, preserve=true aResultDetail=0
00:09:47.476120 DCon84   WARNING [COM]: aRC=NS_ERROR_FAILURE (0x80004005) aIID={d5dcece0-b202-4416-a138-03502784cc07} aComponent={HostWrap} aText={VirtualBox is not currently allowed to access USB devices.  You can change this by adding your user to the 'vboxusers' group.  Please see the user manual for a more detailed explanation}, preserve=true aResultDetail=0
00:09:47.513884 DCon92   Saving settings file "/home/gyom/VirtualBox_VMs/win7-opcom/win7-opcom.vbox" with version "1.19-linux"
00:09:47.517035 DCon92   Finished saving settings file "/home/gyom/VirtualBox_VMs/win7-opcom/win7-opcom.vbox"
00:09:47.529135 DCon81   ERROR [COM]: aRC=VBOX_E_OBJECT_NOT_FOUND (0x80bb0001) aIID={5bfd8965-b81b-469f-8649-f717ce97a5d5} aComponent={NvramStoreWrap} aText={The UEFI NVRAM file is not existing for this machine}, preserve=false aResultDetail=0
00:09:47.550149 DCon81   ERROR [COM]: aRC=VBOX_E_INVALID_VM_STATE (0x80bb0002) aIID={e36a5081-a82a-40bd-9e4e-42a44d6ce50f} aComponent={MachineWrap} aText={The machine is not mutable, saved or running (state is Running)}, preserve=false aResultDetail=0
00:09:47.561853 DCon81   WARNING [COM]: aRC=NS_ERROR_FAILURE (0x80004005) aIID={d5dcece0-b202-4416-a138-03502784cc07} aComponent={HostWrap} aText={VirtualBox is not currently allowed to access USB devices.  You can change this by adding your user to the 'vboxusers' group.  Please see the user manual for a more detailed explanation}, preserve=true aResultDetail=0
00:09:47.563342 DCon56   WARNING [COM]: aRC=NS_ERROR_FAILURE (0x80004005) aIID={d5dcece0-b202-4416-a138-03502784cc07} aComponent={HostWrap} aText={VirtualBox is not currently allowed to access USB devices.  You can change this by adding your user to the 'vboxusers' group.  Please see the user manual for a more detailed explanation}, preserve=true aResultDetail=0
00:09:47.564862 DCon81   Saving settings file "/home/gyom/VirtualBox_VMs/win7-opcom/win7-opcom.vbox" with version "1.19-linux"
00:09:47.567971 DCon81   Finished saving settings file "/home/gyom/VirtualBox_VMs/win7-opcom/win7-opcom.vbox"
00:09:47.588850 DCon84   ERROR [COM]: aRC=VBOX_E_OBJECT_NOT_FOUND (0x80bb0001) aIID={5bfd8965-b81b-469f-8649-f717ce97a5d5} aComponent={NvramStoreWrap} aText={The UEFI NVRAM file is not existing for this machine}, preserve=false aResultDetail=0
00:09:47.610969 DCon84   ERROR [COM]: aRC=VBOX_E_INVALID_VM_STATE (0x80bb0002) aIID={e36a5081-a82a-40bd-9e4e-42a44d6ce50f} aComponent={MachineWrap} aText={The machine is not mutable, saved or running (state is Running)}, preserve=false aResultDetail=0
00:09:47.622854 DCon84   WARNING [COM]: aRC=NS_ERROR_FAILURE (0x80004005) aIID={d5dcece0-b202-4416-a138-03502784cc07} aComponent={HostWrap} aText={VirtualBox is not currently allowed to access USB devices.  You can change this by adding your user to the 'vboxusers' group.  Please see the user manual for a more detailed explanation}, preserve=true aResultDetail=0
00:09:47.624197 DCon84   WARNING [COM]: aRC=NS_ERROR_FAILURE (0x80004005) aIID={d5dcece0-b202-4416-a138-03502784cc07} aComponent={HostWrap} aText={VirtualBox is not currently allowed to access USB devices.  You can change this by adding your user to the 'vboxusers' group.  Please see the user manual for a more detailed explanation}, preserve=true aResultDetail=0
00:09:49.227628 DCon86   Saving settings file "/home/gyom/VirtualBox_VMs/win7-opcom/win7-opcom.vbox" with version "1.19-linux"
00:09:49.230840 DCon86   Finished saving settings file "/home/gyom/VirtualBox_VMs/win7-opcom/win7-opcom.vbox"
00:09:49.239873 DCon81   ERROR [COM]: aRC=VBOX_E_OBJECT_NOT_FOUND (0x80bb0001) aIID={5bfd8965-b81b-469f-8649-f717ce97a5d5} aComponent={NvramStoreWrap} aText={The UEFI NVRAM file is not existing for this machine}, preserve=false aResultDetail=0
00:09:49.260400 DCon81   Saving settings file "/home/gyom/VirtualBox_VMs/win7-opcom/win7-opcom.vbox" with version "1.19-linux"
00:09:49.263752 DCon81   Finished saving settings file "/home/gyom/VirtualBox_VMs/win7-opcom/win7-opcom.vbox"
00:09:49.264415 DCon86   ERROR [COM]: aRC=VBOX_E_INVALID_VM_STATE (0x80bb0002) aIID={e36a5081-a82a-40bd-9e4e-42a44d6ce50f} aComponent={MachineWrap} aText={The machine is not mutable, saved or running (state is Running)}, preserve=false aResultDetail=0
00:09:49.273769 DCon86   ERROR [COM]: aRC=VBOX_E_OBJECT_NOT_FOUND (0x80bb0001) aIID={5bfd8965-b81b-469f-8649-f717ce97a5d5} aComponent={NvramStoreWrap} aText={The UEFI NVRAM file is not existing for this machine}, preserve=false aResultDetail=0
00:09:49.293824 DCon84   ERROR [COM]: aRC=VBOX_E_INVALID_VM_STATE (0x80bb0002) aIID={e36a5081-a82a-40bd-9e4e-42a44d6ce50f} aComponent={MachineWrap} aText={The machine is not mutable, saved or running (state is Running)}, preserve=false aResultDetail=0
00:09:49.303974 DCon56   WARNING [COM]: aRC=NS_ERROR_FAILURE (0x80004005) aIID={d5dcece0-b202-4416-a138-03502784cc07} aComponent={HostWrap} aText={VirtualBox is not currently allowed to access USB devices.  You can change this by adding your user to the 'vboxusers' group.  Please see the user manual for a more detailed explanation}, preserve=true aResultDetail=0
00:09:49.305202 DCon56   WARNING [COM]: aRC=NS_ERROR_FAILURE (0x80004005) aIID={d5dcece0-b202-4416-a138-03502784cc07} aComponent={HostWrap} aText={VirtualBox is not currently allowed to access USB devices.  You can change this by adding your user to the 'vboxusers' group.  Please see the user manual for a more detailed explanation}, preserve=true aResultDetail=0
00:09:49.508177 DCon84   Saving settings file "/home/gyom/VirtualBox_VMs/win7-opcom/win7-opcom.vbox" with version "1.19-linux"
00:09:49.511747 DCon84   Finished saving settings file "/home/gyom/VirtualBox_VMs/win7-opcom/win7-opcom.vbox"
00:09:49.521520 DCon90   ERROR [COM]: aRC=VBOX_E_OBJECT_NOT_FOUND (0x80bb0001) aIID={5bfd8965-b81b-469f-8649-f717ce97a5d5} aComponent={NvramStoreWrap} aText={The UEFI NVRAM file is not existing for this machine}, preserve=false aResultDetail=0
00:09:49.542914 DCon56   Saving settings file "/home/gyom/VirtualBox_VMs/win7-opcom/win7-opcom.vbox" with version "1.19-linux"
00:09:49.546302 DCon56   Finished saving settings file "/home/gyom/VirtualBox_VMs/win7-opcom/win7-opcom.vbox"
00:09:49.548698 DCon84   ERROR [COM]: aRC=VBOX_E_INVALID_VM_STATE (0x80bb0002) aIID={e36a5081-a82a-40bd-9e4e-42a44d6ce50f} aComponent={MachineWrap} aText={The machine is not mutable, saved or running (state is Running)}, preserve=false aResultDetail=0
00:09:49.557060 DCon84   ERROR [COM]: aRC=VBOX_E_OBJECT_NOT_FOUND (0x80bb0001) aIID={5bfd8965-b81b-469f-8649-f717ce97a5d5} aComponent={NvramStoreWrap} aText={The UEFI NVRAM file is not existing for this machine}, preserve=false aResultDetail=0
00:09:49.579343 DCon84   ERROR [COM]: aRC=VBOX_E_INVALID_VM_STATE (0x80bb0002) aIID={e36a5081-a82a-40bd-9e4e-42a44d6ce50f} aComponent={MachineWrap} aText={The machine is not mutable, saved or running (state is Running)}, preserve=false aResultDetail=0
00:09:49.589712 DCon84   WARNING [COM]: aRC=NS_ERROR_FAILURE (0x80004005) aIID={d5dcece0-b202-4416-a138-03502784cc07} aComponent={HostWrap} aText={VirtualBox is not currently allowed to access USB devices.  You can change this by adding your user to the 'vboxusers' group.  Please see the user manual for a more detailed explanation}, preserve=true aResultDetail=0
00:09:49.590948 DCon84   WARNING [COM]: aRC=NS_ERROR_FAILURE (0x80004005) aIID={d5dcece0-b202-4416-a138-03502784cc07} aComponent={HostWrap} aText={VirtualBox is not currently allowed to access USB devices.  You can change this by adding your user to the 'vboxusers' group.  Please see the user manual for a more detailed explanation}, preserve=true aResultDetail=0
00:09:49.778401 DCon56   Saving settings file "/home/gyom/VirtualBox_VMs/win7-opcom/win7-opcom.vbox" with version "1.19-linux"
00:09:49.781503 DCon56   Finished saving settings file "/home/gyom/VirtualBox_VMs/win7-opcom/win7-opcom.vbox"
00:09:49.791431 DCon89   ERROR [COM]: aRC=VBOX_E_OBJECT_NOT_FOUND (0x80bb0001) aIID={5bfd8965-b81b-469f-8649-f717ce97a5d5} aComponent={NvramStoreWrap} aText={The UEFI NVRAM file is not existing for this machine}, preserve=false aResultDetail=0
00:09:49.812463 DCon92   Saving settings file "/home/gyom/VirtualBox_VMs/win7-opcom/win7-opcom.vbox" with version "1.19-linux"
00:09:49.817138 DCon92   Finished saving settings file "/home/gyom/VirtualBox_VMs/win7-opcom/win7-opcom.vbox"
00:09:49.818892 DCon87   ERROR [COM]: aRC=VBOX_E_INVALID_VM_STATE (0x80bb0002) aIID={e36a5081-a82a-40bd-9e4e-42a44d6ce50f} aComponent={MachineWrap} aText={The machine is not mutable, saved or running (state is Running)}, preserve=false aResultDetail=0
00:09:49.828223 DCon92   ERROR [COM]: aRC=VBOX_E_OBJECT_NOT_FOUND (0x80bb0001) aIID={5bfd8965-b81b-469f-8649-f717ce97a5d5} aComponent={NvramStoreWrap} aText={The UEFI NVRAM file is not existing for this machine}, preserve=false aResultDetail=0
00:09:49.849327 DCon88   ERROR [COM]: aRC=VBOX_E_INVALID_VM_STATE (0x80bb0002) aIID={e36a5081-a82a-40bd-9e4e-42a44d6ce50f} aComponent={MachineWrap} aText={The machine is not mutable, saved or running (state is Running)}, preserve=false aResultDetail=0
00:09:49.860529 DCon87   WARNING [COM]: aRC=NS_ERROR_FAILURE (0x80004005) aIID={d5dcece0-b202-4416-a138-03502784cc07} aComponent={HostWrap} aText={VirtualBox is not currently allowed to access USB devices.  You can change this by adding your user to the 'vboxusers' group.  Please see the user manual for a more detailed explanation}, preserve=true aResultDetail=0
00:09:49.861928 DCon87   WARNING [COM]: aRC=NS_ERROR_FAILURE (0x80004005) aIID={d5dcece0-b202-4416-a138-03502784cc07} aComponent={HostWrap} aText={VirtualBox is not currently allowed to access USB devices.  You can change this by adding your user to the 'vboxusers' group.  Please see the user manual for a more detailed explanation}, preserve=true aResultDetail=0
00:09:49.870706 DCon92   Saving settings file "/home/gyom/VirtualBox_VMs/win7-opcom/win7-opcom.vbox" with version "1.19-linux"
00:09:49.874477 DCon92   Finished saving settings file "/home/gyom/VirtualBox_VMs/win7-opcom/win7-opcom.vbox"
00:09:49.888432 DCon91   ERROR [COM]: aRC=VBOX_E_OBJECT_NOT_FOUND (0x80bb0001) aIID={5bfd8965-b81b-469f-8649-f717ce97a5d5} aComponent={NvramStoreWrap} aText={The UEFI NVRAM file is not existing for this machine}, preserve=false aResultDetail=0
00:09:49.890162 DCon89   Saving settings file "/home/gyom/VirtualBox_VMs/win7-opcom/win7-opcom.vbox" with version "1.19-linux"
00:09:49.893422 DCon89   Finished saving settings file "/home/gyom/VirtualBox_VMs/win7-opcom/win7-opcom.vbox"
00:09:49.921238 DCon91   ERROR [COM]: aRC=VBOX_E_OBJECT_NOT_FOUND (0x80bb0001) aIID={5bfd8965-b81b-469f-8649-f717ce97a5d5} aComponent={NvramStoreWrap} aText={The UEFI NVRAM file is not existing for this machine}, preserve=false aResultDetail=0
00:09:49.936465 DCon92   Saving settings file "/home/gyom/VirtualBox_VMs/win7-opcom/win7-opcom.vbox" with version "1.19-linux"
00:09:49.940256 DCon92   Finished saving settings file "/home/gyom/VirtualBox_VMs/win7-opcom/win7-opcom.vbox"
00:09:49.943779 DCon88   ERROR [COM]: aRC=VBOX_E_INVALID_VM_STATE (0x80bb0002) aIID={e36a5081-a82a-40bd-9e4e-42a44d6ce50f} aComponent={MachineWrap} aText={The machine is not mutable, saved or running (state is Running)}, preserve=false aResultDetail=0
00:09:49.954185 DCon89   ERROR [COM]: aRC=VBOX_E_OBJECT_NOT_FOUND (0x80bb0001) aIID={5bfd8965-b81b-469f-8649-f717ce97a5d5} aComponent={NvramStoreWrap} aText={The UEFI NVRAM file is not existing for this machine}, preserve=false aResultDetail=0
00:09:49.976128 DCon92   ERROR [COM]: aRC=VBOX_E_INVALID_VM_STATE (0x80bb0002) aIID={e36a5081-a82a-40bd-9e4e-42a44d6ce50f} aComponent={MachineWrap} aText={The machine is not mutable, saved or running (state is Running)}, preserve=false aResultDetail=0
00:09:49.990262 DCon92   WARNING [COM]: aRC=NS_ERROR_FAILURE (0x80004005) aIID={d5dcece0-b202-4416-a138-03502784cc07} aComponent={HostWrap} aText={VirtualBox is not currently allowed to access USB devices.  You can change this by adding your user to the 'vboxusers' group.  Please see the user manual for a more detailed explanation}, preserve=true aResultDetail=0
00:09:49.992074 DCon92   WARNING [COM]: aRC=NS_ERROR_FAILURE (0x80004005) aIID={d5dcece0-b202-4416-a138-03502784cc07} aComponent={HostWrap} aText={VirtualBox is not currently allowed to access USB devices.  You can change this by adding your user to the 'vboxusers' group.  Please see the user manual for a more detailed explanation}, preserve=true aResultDetail=0
00:09:49.995891 DCon56   Saving settings file "/home/gyom/VirtualBox_VMs/win7-opcom/win7-opcom.vbox" with version "1.19-linux"
00:09:49.999485 DCon56   Finished saving settings file "/home/gyom/VirtualBox_VMs/win7-opcom/win7-opcom.vbox"
00:09:50.025540 DCon88   ERROR [COM]: aRC=VBOX_E_OBJECT_NOT_FOUND (0x80bb0001) aIID={5bfd8965-b81b-469f-8649-f717ce97a5d5} aComponent={NvramStoreWrap} aText={The UEFI NVRAM file is not existing for this machine}, preserve=false aResultDetail=0
00:09:50.027998 DCon84   Saving settings file "/home/gyom/VirtualBox_VMs/win7-opcom/win7-opcom.vbox" with version "1.19-linux"
00:09:50.031085 DCon84   Finished saving settings file "/home/gyom/VirtualBox_VMs/win7-opcom/win7-opcom.vbox"
00:09:50.058290 DCon92   ERROR [COM]: aRC=VBOX_E_OBJECT_NOT_FOUND (0x80bb0001) aIID={5bfd8965-b81b-469f-8649-f717ce97a5d5} aComponent={NvramStoreWrap} aText={The UEFI NVRAM file is not existing for this machine}, preserve=false aResultDetail=0
00:09:50.058595 DCon90   Saving settings file "/home/gyom/VirtualBox_VMs/win7-opcom/win7-opcom.vbox" with version "1.19-linux"
00:09:50.062366 DCon90   Finished saving settings file "/home/gyom/VirtualBox_VMs/win7-opcom/win7-opcom.vbox"
00:09:50.078844 DCon90   Saving settings file "/home/gyom/VirtualBox_VMs/win7-opcom/win7-opcom.vbox" with version "1.19-linux"
00:09:50.082846 DCon90   Finished saving settings file "/home/gyom/VirtualBox_VMs/win7-opcom/win7-opcom.vbox"
00:09:50.098960 DCon91   ERROR [COM]: aRC=VBOX_E_OBJECT_NOT_FOUND (0x80bb0001) aIID={5bfd8965-b81b-469f-8649-f717ce97a5d5} aComponent={NvramStoreWrap} aText={The UEFI NVRAM file is not existing for this machine}, preserve=false aResultDetail=0
00:09:50.121819 DCon91   Saving settings file "/home/gyom/VirtualBox_VMs/win7-opcom/win7-opcom.vbox" with version "1.19-linux"
00:09:50.124965 DCon91   Finished saving settings file "/home/gyom/VirtualBox_VMs/win7-opcom/win7-opcom.vbox"
00:09:50.125445 DCon89   ERROR [COM]: aRC=VBOX_E_INVALID_VM_STATE (0x80bb0002) aIID={e36a5081-a82a-40bd-9e4e-42a44d6ce50f} aComponent={MachineWrap} aText={The machine is not mutable, saved or running (state is Running)}, preserve=false aResultDetail=0
00:09:50.136292 DCon84   ERROR [COM]: aRC=VBOX_E_OBJECT_NOT_FOUND (0x80bb0001) aIID={5bfd8965-b81b-469f-8649-f717ce97a5d5} aComponent={NvramStoreWrap} aText={The UEFI NVRAM file is not existing for this machine}, preserve=false aResultDetail=0
00:09:50.158787 DCon84   ERROR [COM]: aRC=VBOX_E_INVALID_VM_STATE (0x80bb0002) aIID={e36a5081-a82a-40bd-9e4e-42a44d6ce50f} aComponent={MachineWrap} aText={The machine is not mutable, saved or running (state is Running)}, preserve=false aResultDetail=0
00:09:50.170951 DCon91   Saving settings file "/home/gyom/VirtualBox_VMs/win7-opcom/win7-opcom.vbox" with version "1.19-linux"
00:09:50.174378 DCon91   Finished saving settings file "/home/gyom/VirtualBox_VMs/win7-opcom/win7-opcom.vbox"
00:09:50.175516 DCon88   WARNING [COM]: aRC=NS_ERROR_FAILURE (0x80004005) aIID={d5dcece0-b202-4416-a138-03502784cc07} aComponent={HostWrap} aText={VirtualBox is not currently allowed to access USB devices.  You can change this by adding your user to the 'vboxusers' group.  Please see the user manual for a more detailed explanation}, preserve=true aResultDetail=0
00:09:50.177676 DCon92   WARNING [COM]: aRC=NS_ERROR_FAILURE (0x80004005) aIID={d5dcece0-b202-4416-a138-03502784cc07} aComponent={HostWrap} aText={VirtualBox is not currently allowed to access USB devices.  You can change this by adding your user to the 'vboxusers' group.  Please see the user manual for a more detailed explanation}, preserve=true aResultDetail=0
00:09:50.185532 DCon88   ERROR [COM]: aRC=VBOX_E_OBJECT_NOT_FOUND (0x80bb0001) aIID={5bfd8965-b81b-469f-8649-f717ce97a5d5} aComponent={NvramStoreWrap} aText={The UEFI NVRAM file is not existing for this machine}, preserve=false aResultDetail=0
00:09:50.211268 DCon88   ERROR [COM]: aRC=VBOX_E_INVALID_VM_STATE (0x80bb0002) aIID={e36a5081-a82a-40bd-9e4e-42a44d6ce50f} aComponent={MachineWrap} aText={The machine is not mutable, saved or running (state is Running)}, preserve=false aResultDetail=0
00:09:50.223372 DCon88   WARNING [COM]: aRC=NS_ERROR_FAILURE (0x80004005) aIID={d5dcece0-b202-4416-a138-03502784cc07} aComponent={HostWrap} aText={VirtualBox is not currently allowed to access USB devices.  You can change this by adding your user to the 'vboxusers' group.  Please see the user manual for a more detailed explanation}, preserve=true aResultDetail=0
00:09:50.224953 DCon88   WARNING [COM]: aRC=NS_ERROR_FAILURE (0x80004005) aIID={d5dcece0-b202-4416-a138-03502784cc07} aComponent={HostWrap} aText={VirtualBox is not currently allowed to access USB devices.  You can change this by adding your user to the 'vboxusers' group.  Please see the user manual for a more detailed explanation}, preserve=true aResultDetail=0
00:09:50.242219 DCon81   Saving settings file "/home/gyom/VirtualBox_VMs/win7-opcom/win7-opcom.vbox" with version "1.19-linux"
00:09:50.246351 DCon81   Finished saving settings file "/home/gyom/VirtualBox_VMs/win7-opcom/win7-opcom.vbox"
00:09:50.257766 DCon91   ERROR [COM]: aRC=VBOX_E_OBJECT_NOT_FOUND (0x80bb0001) aIID={5bfd8965-b81b-469f-8649-f717ce97a5d5} aComponent={NvramStoreWrap} aText={The UEFI NVRAM file is not existing for this machine}, preserve=false aResultDetail=0
00:09:50.269132 DCon81   Saving settings file "/home/gyom/VirtualBox_VMs/win7-opcom/win7-opcom.vbox" with version "1.19-linux"
00:09:50.272288 DCon81   Finished saving settings file "/home/gyom/VirtualBox_VMs/win7-opcom/win7-opcom.vbox"
00:09:50.286287 DCon84   Saving settings file "/home/gyom/VirtualBox_VMs/win7-opcom/win7-opcom.vbox" with version "1.19-linux"
00:09:50.289469 DCon84   Finished saving settings file "/home/gyom/VirtualBox_VMs/win7-opcom/win7-opcom.vbox"
00:09:50.301340 DCon91   ERROR [COM]: aRC=VBOX_E_OBJECT_NOT_FOUND (0x80bb0001) aIID={5bfd8965-b81b-469f-8649-f717ce97a5d5} aComponent={NvramStoreWrap} aText={The UEFI NVRAM file is not existing for this machine}, preserve=false aResultDetail=0
00:09:50.328034 DCon84   ERROR [COM]: aRC=VBOX_E_INVALID_VM_STATE (0x80bb0002) aIID={e36a5081-a82a-40bd-9e4e-42a44d6ce50f} aComponent={MachineWrap} aText={The machine is not mutable, saved or running (state is Running)}, preserve=false aResultDetail=0
00:09:50.335704 DCon81   Saving settings file "/home/gyom/VirtualBox_VMs/win7-opcom/win7-opcom.vbox" with version "1.19-linux"
00:09:50.339284 DCon81   Finished saving settings file "/home/gyom/VirtualBox_VMs/win7-opcom/win7-opcom.vbox"
00:09:50.353343 DCon86   ERROR [COM]: aRC=VBOX_E_OBJECT_NOT_FOUND (0x80bb0001) aIID={5bfd8965-b81b-469f-8649-f717ce97a5d5} aComponent={NvramStoreWrap} aText={The UEFI NVRAM file is not existing for this machine}, preserve=false aResultDetail=0
00:09:50.359086 DCon86   Saving settings file "/home/gyom/VirtualBox_VMs/win7-opcom/win7-opcom.vbox" with version "1.19-linux"
00:09:50.363234 DCon86   Finished saving settings file "/home/gyom/VirtualBox_VMs/win7-opcom/win7-opcom.vbox"
00:09:50.384763 DCon86   ERROR [COM]: aRC=VBOX_E_OBJECT_NOT_FOUND (0x80bb0001) aIID={5bfd8965-b81b-469f-8649-f717ce97a5d5} aComponent={NvramStoreWrap} aText={The UEFI NVRAM file is not existing for this machine}, preserve=false aResultDetail=0
00:09:50.408328 DCon86   ERROR [COM]: aRC=VBOX_E_INVALID_VM_STATE (0x80bb0002) aIID={e36a5081-a82a-40bd-9e4e-42a44d6ce50f} aComponent={MachineWrap} aText={The machine is not mutable, saved or running (state is Running)}, preserve=false aResultDetail=0
00:09:50.413468 DCon86   Saving settings file "/home/gyom/VirtualBox_VMs/win7-opcom/win7-opcom.vbox" with version "1.19-linux"
00:09:50.416805 DCon86   Finished saving settings file "/home/gyom/VirtualBox_VMs/win7-opcom/win7-opcom.vbox"
00:09:50.427497 DCon86   ERROR [COM]: aRC=VBOX_E_OBJECT_NOT_FOUND (0x80bb0001) aIID={5bfd8965-b81b-469f-8649-f717ce97a5d5} aComponent={NvramStoreWrap} aText={The UEFI NVRAM file is not existing for this machine}, preserve=false aResultDetail=0
00:09:50.448753 DCon91   ERROR [COM]: aRC=VBOX_E_INVALID_VM_STATE (0x80bb0002) aIID={e36a5081-a82a-40bd-9e4e-42a44d6ce50f} aComponent={MachineWrap} aText={The machine is not mutable, saved or running (state is Running)}, preserve=false aResultDetail=0
00:09:50.450575 DCon89   Saving settings file "/home/gyom/VirtualBox_VMs/win7-opcom/win7-opcom.vbox" with version "1.19-linux"
00:09:50.453797 DCon89   Finished saving settings file "/home/gyom/VirtualBox_VMs/win7-opcom/win7-opcom.vbox"
00:09:50.465296 DCon92   ERROR [COM]: aRC=VBOX_E_OBJECT_NOT_FOUND (0x80bb0001) aIID={5bfd8965-b81b-469f-8649-f717ce97a5d5} aComponent={NvramStoreWrap} aText={The UEFI NVRAM file is not existing for this machine}, preserve=false aResultDetail=0
00:09:50.469782 DCon81   Saving settings file "/home/gyom/VirtualBox_VMs/win7-opcom/win7-opcom.vbox" with version "1.19-linux"
00:09:50.473330 DCon81   Finished saving settings file "/home/gyom/VirtualBox_VMs/win7-opcom/win7-opcom.vbox"
00:09:50.490943 DCon91   Saving settings file "/home/gyom/VirtualBox_VMs/win7-opcom/win7-opcom.vbox" with version "1.19-linux"
00:09:50.495406 DCon91   Finished saving settings file "/home/gyom/VirtualBox_VMs/win7-opcom/win7-opcom.vbox"
00:09:50.522725 DCon81   Saving settings file "/home/gyom/VirtualBox_VMs/win7-opcom/win7-opcom.vbox" with version "1.19-linux"
00:09:50.527170 DCon81   Finished saving settings file "/home/gyom/VirtualBox_VMs/win7-opcom/win7-opcom.vbox"
00:09:50.542206 DCon92   ERROR [COM]: aRC=VBOX_E_OBJECT_NOT_FOUND (0x80bb0001) aIID={5bfd8965-b81b-469f-8649-f717ce97a5d5} aComponent={NvramStoreWrap} aText={The UEFI NVRAM file is not existing for this machine}, preserve=false aResultDetail=0
00:09:50.555668 DCon81   Saving settings file "/home/gyom/VirtualBox_VMs/win7-opcom/win7-opcom.vbox" with version "1.19-linux"
00:09:50.558855 DCon81   Finished saving settings file "/home/gyom/VirtualBox_VMs/win7-opcom/win7-opcom.vbox"
00:09:50.569507 DCon88   ERROR [COM]: aRC=VBOX_E_OBJECT_NOT_FOUND (0x80bb0001) aIID={5bfd8965-b81b-469f-8649-f717ce97a5d5} aComponent={NvramStoreWrap} aText={The UEFI NVRAM file is not existing for this machine}, preserve=false aResultDetail=0
00:09:50.592022 DCon87   Saving settings file "/home/gyom/VirtualBox_VMs/win7-opcom/win7-opcom.vbox" with version "1.19-linux"
00:09:50.595351 DCon87   Finished saving settings file "/home/gyom/VirtualBox_VMs/win7-opcom/win7-opcom.vbox"
00:09:50.622934 DCon91   ERROR [COM]: aRC=VBOX_E_OBJECT_NOT_FOUND (0x80bb0001) aIID={5bfd8965-b81b-469f-8649-f717ce97a5d5} aComponent={NvramStoreWrap} aText={The UEFI NVRAM file is not existing for this machine}, preserve=false aResultDetail=0
00:09:50.640900 DCon91   ERROR [COM]: aRC=VBOX_E_INVALID_VM_STATE (0x80bb0002) aIID={e36a5081-a82a-40bd-9e4e-42a44d6ce50f} aComponent={MachineWrap} aText={The machine is not mutable, saved or running (state is Running)}, preserve=false aResultDetail=0
00:09:50.652006 DCon91   WARNING [COM]: aRC=NS_ERROR_FAILURE (0x80004005) aIID={d5dcece0-b202-4416-a138-03502784cc07} aComponent={HostWrap} aText={VirtualBox is not currently allowed to access USB devices.  You can change this by adding your user to the 'vboxusers' group.  Please see the user manual for a more detailed explanation}, preserve=true aResultDetail=0
00:09:50.653232 DCon91   WARNING [COM]: aRC=NS_ERROR_FAILURE (0x80004005) aIID={d5dcece0-b202-4416-a138-03502784cc07} aComponent={HostWrap} aText={VirtualBox is not currently allowed to access USB devices.  You can change this by adding your user to the 'vboxusers' group.  Please see the user manual for a more detailed explanation}, preserve=true aResultDetail=0
00:09:50.723503 DCon88   Saving settings file "/home/gyom/VirtualBox_VMs/win7-opcom/win7-opcom.vbox" with version "1.19-linux"
00:09:50.726936 DCon88   Finished saving settings file "/home/gyom/VirtualBox_VMs/win7-opcom/win7-opcom.vbox"
00:09:50.739465 DCon81   ERROR [COM]: aRC=VBOX_E_OBJECT_NOT_FOUND (0x80bb0001) aIID={5bfd8965-b81b-469f-8649-f717ce97a5d5} aComponent={NvramStoreWrap} aText={The UEFI NVRAM file is not existing for this machine}, preserve=false aResultDetail=0
00:09:50.754930 DCon92   Saving settings file "/home/gyom/VirtualBox_VMs/win7-opcom/win7-opcom.vbox" with version "1.19-linux"
00:09:50.758407 DCon92   Finished saving settings file "/home/gyom/VirtualBox_VMs/win7-opcom/win7-opcom.vbox"
00:09:50.761307 DCon56   ERROR [COM]: aRC=VBOX_E_INVALID_VM_STATE (0x80bb0002) aIID={e36a5081-a82a-40bd-9e4e-42a44d6ce50f} aComponent={MachineWrap} aText={The machine is not mutable, saved or running (state is Running)}, preserve=false aResultDetail=0
00:09:50.769423 DCon92   ERROR [COM]: aRC=VBOX_E_OBJECT_NOT_FOUND (0x80bb0001) aIID={5bfd8965-b81b-469f-8649-f717ce97a5d5} aComponent={NvramStoreWrap} aText={The UEFI NVRAM file is not existing for this machine}, preserve=false aResultDetail=0
00:09:50.790228 DCon81   ERROR [COM]: aRC=VBOX_E_INVALID_VM_STATE (0x80bb0002) aIID={e36a5081-a82a-40bd-9e4e-42a44d6ce50f} aComponent={MachineWrap} aText={The machine is not mutable, saved or running (state is Running)}, preserve=false aResultDetail=0
00:09:50.800590 DCon81   WARNING [COM]: aRC=NS_ERROR_FAILURE (0x80004005) aIID={d5dcece0-b202-4416-a138-03502784cc07} aComponent={HostWrap} aText={VirtualBox is not currently allowed to access USB devices.  You can change this by adding your user to the 'vboxusers' group.  Please see the user manual for a more detailed explanation}, preserve=true aResultDetail=0
00:09:50.801829 DCon81   WARNING [COM]: aRC=NS_ERROR_FAILURE (0x80004005) aIID={d5dcece0-b202-4416-a138-03502784cc07} aComponent={HostWrap} aText={VirtualBox is not currently allowed to access USB devices.  You can change this by adding your user to the 'vboxusers' group.  Please see the user manual for a more detailed explanation}, preserve=true aResultDetail=0
00:09:50.815740 DCon81   Saving settings file "/home/gyom/VirtualBox_VMs/win7-opcom/win7-opcom.vbox" with version "1.19-linux"
00:09:50.819442 DCon81   Finished saving settings file "/home/gyom/VirtualBox_VMs/win7-opcom/win7-opcom.vbox"
00:09:50.831161 DCon87   ERROR [COM]: aRC=VBOX_E_OBJECT_NOT_FOUND (0x80bb0001) aIID={5bfd8965-b81b-469f-8649-f717ce97a5d5} aComponent={NvramStoreWrap} aText={The UEFI NVRAM file is not existing for this machine}, preserve=false aResultDetail=0
00:09:50.848661 DCon90   ERROR [COM]: aRC=VBOX_E_INVALID_VM_STATE (0x80bb0002) aIID={e36a5081-a82a-40bd-9e4e-42a44d6ce50f} aComponent={MachineWrap} aText={The machine is not mutable, saved or running (state is Running)}, preserve=false aResultDetail=0
00:09:50.859721 DCon90   WARNING [COM]: aRC=NS_ERROR_FAILURE (0x80004005) aIID={d5dcece0-b202-4416-a138-03502784cc07} aComponent={HostWrap} aText={VirtualBox is not currently allowed to access USB devices.  You can change this by adding your user to the 'vboxusers' group.  Please see the user manual for a more detailed explanation}, preserve=true aResultDetail=0
00:09:50.860982 DCon90   WARNING [COM]: aRC=NS_ERROR_FAILURE (0x80004005) aIID={d5dcece0-b202-4416-a138-03502784cc07} aComponent={HostWrap} aText={VirtualBox is not currently allowed to access USB devices.  You can change this by adding your user to the 'vboxusers' group.  Please see the user manual for a more detailed explanation}, preserve=true aResultDetail=0
00:09:50.866150 DCon87   Saving settings file "/home/gyom/VirtualBox_VMs/win7-opcom/win7-opcom.vbox" with version "1.19-linux"
00:09:50.869581 DCon87   Finished saving settings file "/home/gyom/VirtualBox_VMs/win7-opcom/win7-opcom.vbox"
00:09:50.885870 DCon87   ERROR [COM]: aRC=VBOX_E_OBJECT_NOT_FOUND (0x80bb0001) aIID={5bfd8965-b81b-469f-8649-f717ce97a5d5} aComponent={NvramStoreWrap} aText={The UEFI NVRAM file is not existing for this machine}, preserve=false aResultDetail=0
00:09:50.916473 DCon87   ERROR [COM]: aRC=VBOX_E_INVALID_VM_STATE (0x80bb0002) aIID={e36a5081-a82a-40bd-9e4e-42a44d6ce50f} aComponent={MachineWrap} aText={The machine is not mutable, saved or running (state is Running)}, preserve=false aResultDetail=0
00:09:50.927119 DCon87   WARNING [COM]: aRC=NS_ERROR_FAILURE (0x80004005) aIID={d5dcece0-b202-4416-a138-03502784cc07} aComponent={HostWrap} aText={VirtualBox is not currently allowed to access USB devices.  You can change this by adding your user to the 'vboxusers' group.  Please see the user manual for a more detailed explanation}, preserve=true aResultDetail=0
00:09:50.928436 DCon87   WARNING [COM]: aRC=NS_ERROR_FAILURE (0x80004005) aIID={d5dcece0-b202-4416-a138-03502784cc07} aComponent={HostWrap} aText={VirtualBox is not currently allowed to access USB devices.  You can change this by adding your user to the 'vboxusers' group.  Please see the user manual for a more detailed explanation}, preserve=true aResultDetail=0
00:09:51.064386 DCon87   Saving settings file "/home/gyom/VirtualBox_VMs/win7-opcom/win7-opcom.vbox" with version "1.19-linux"
00:09:51.068173 DCon87   Finished saving settings file "/home/gyom/VirtualBox_VMs/win7-opcom/win7-opcom.vbox"
00:09:51.078741 DCon90   ERROR [COM]: aRC=VBOX_E_OBJECT_NOT_FOUND (0x80bb0001) aIID={5bfd8965-b81b-469f-8649-f717ce97a5d5} aComponent={NvramStoreWrap} aText={The UEFI NVRAM file is not existing for this machine}, preserve=false aResultDetail=0
00:09:51.092286 DCon90   ERROR [COM]: aRC=VBOX_E_INVALID_VM_STATE (0x80bb0002) aIID={e36a5081-a82a-40bd-9e4e-42a44d6ce50f} aComponent={MachineWrap} aText={The machine is not mutable, saved or running (state is Running)}, preserve=false aResultDetail=0
00:09:51.102941 DCon90   WARNING [COM]: aRC=NS_ERROR_FAILURE (0x80004005) aIID={d5dcece0-b202-4416-a138-03502784cc07} aComponent={HostWrap} aText={VirtualBox is not currently allowed to access USB devices.  You can change this by adding your user to the 'vboxusers' group.  Please see the user manual for a more detailed explanation}, preserve=true aResultDetail=0
00:09:51.104205 DCon90   WARNING [COM]: aRC=NS_ERROR_FAILURE (0x80004005) aIID={d5dcece0-b202-4416-a138-03502784cc07} aComponent={HostWrap} aText={VirtualBox is not currently allowed to access USB devices.  You can change this by adding your user to the 'vboxusers' group.  Please see the user manual for a more detailed explanation}, preserve=true aResultDetail=0
00:10:18.359386 DCon94   Saving settings file "/home/gyom/VirtualBox_VMs/win7-opcom/win7-opcom.vbox" with version "1.19-linux"
00:10:18.362628 DCon94   Finished saving settings file "/home/gyom/VirtualBox_VMs/win7-opcom/win7-opcom.vbox"
00:10:18.374797 DCon90   ERROR [COM]: aRC=VBOX_E_OBJECT_NOT_FOUND (0x80bb0001) aIID={5bfd8965-b81b-469f-8649-f717ce97a5d5} aComponent={NvramStoreWrap} aText={The UEFI NVRAM file is not existing for this machine}, preserve=false aResultDetail=0
00:10:18.390590 DCon90   ERROR [COM]: aRC=VBOX_E_INVALID_VM_STATE (0x80bb0002) aIID={e36a5081-a82a-40bd-9e4e-42a44d6ce50f} aComponent={MachineWrap} aText={The machine is not mutable, saved or running (state is Running)}, preserve=false aResultDetail=0
00:10:18.401784 DCon90   WARNING [COM]: aRC=NS_ERROR_FAILURE (0x80004005) aIID={d5dcece0-b202-4416-a138-03502784cc07} aComponent={HostWrap} aText={VirtualBox is not currently allowed to access USB devices.  You can change this by adding your user to the 'vboxusers' group.  Please see the user manual for a more detailed explanation}, preserve=true aResultDetail=0
00:10:18.403052 DCon90   WARNING [COM]: aRC=NS_ERROR_FAILURE (0x80004005) aIID={d5dcece0-b202-4416-a138-03502784cc07} aComponent={HostWrap} aText={VirtualBox is not currently allowed to access USB devices.  You can change this by adding your user to the 'vboxusers' group.  Please see the user manual for a more detailed explanation}, preserve=true aResultDetail=0
00:10:19.865467 DCon93   Saving settings file "/home/gyom/VirtualBox_VMs/win7-opcom/win7-opcom.vbox" with version "1.19-linux"
00:10:19.869015 DCon93   Finished saving settings file "/home/gyom/VirtualBox_VMs/win7-opcom/win7-opcom.vbox"
00:10:19.878683 DCon90   ERROR [COM]: aRC=VBOX_E_OBJECT_NOT_FOUND (0x80bb0001) aIID={5bfd8965-b81b-469f-8649-f717ce97a5d5} aComponent={NvramStoreWrap} aText={The UEFI NVRAM file is not existing for this machine}, preserve=false aResultDetail=0
00:10:19.893707 DCon91   ERROR [COM]: aRC=VBOX_E_INVALID_VM_STATE (0x80bb0002) aIID={e36a5081-a82a-40bd-9e4e-42a44d6ce50f} aComponent={MachineWrap} aText={The machine is not mutable, saved or running (state is Running)}, preserve=false aResultDetail=0
00:10:19.903397 DCon91   WARNING [COM]: aRC=NS_ERROR_FAILURE (0x80004005) aIID={d5dcece0-b202-4416-a138-03502784cc07} aComponent={HostWrap} aText={VirtualBox is not currently allowed to access USB devices.  You can change this by adding your user to the 'vboxusers' group.  Please see the user manual for a more detailed explanation}, preserve=true aResultDetail=0
00:10:19.904487 DCon91   WARNING [COM]: aRC=NS_ERROR_FAILURE (0x80004005) aIID={d5dcece0-b202-4416-a138-03502784cc07} aComponent={HostWrap} aText={VirtualBox is not currently allowed to access USB devices.  You can change this by adding your user to the 'vboxusers' group.  Please see the user manual for a more detailed explanation}, preserve=true aResultDetail=0
00:10:24.290157 DCon87   Saving settings file "/home/gyom/VirtualBox_VMs/win7-opcom/win7-opcom.vbox" with version "1.19-linux"
00:10:24.293792 DCon87   Finished saving settings file "/home/gyom/VirtualBox_VMs/win7-opcom/win7-opcom.vbox"
00:10:24.304045 DCon87   ERROR [COM]: aRC=VBOX_E_OBJECT_NOT_FOUND (0x80bb0001) aIID={5bfd8965-b81b-469f-8649-f717ce97a5d5} aComponent={NvramStoreWrap} aText={The UEFI NVRAM file is not existing for this machine}, preserve=false aResultDetail=0
00:10:24.317977 DCon87   ERROR [COM]: aRC=VBOX_E_INVALID_VM_STATE (0x80bb0002) aIID={e36a5081-a82a-40bd-9e4e-42a44d6ce50f} aComponent={MachineWrap} aText={The machine is not mutable, saved or running (state is Running)}, preserve=false aResultDetail=0
00:10:24.329005 DCon87   WARNING [COM]: aRC=NS_ERROR_FAILURE (0x80004005) aIID={d5dcece0-b202-4416-a138-03502784cc07} aComponent={HostWrap} aText={VirtualBox is not currently allowed to access USB devices.  You can change this by adding your user to the 'vboxusers' group.  Please see the user manual for a more detailed explanation}, preserve=true aResultDetail=0
00:10:24.330271 DCon87   WARNING [COM]: aRC=NS_ERROR_FAILURE (0x80004005) aIID={d5dcece0-b202-4416-a138-03502784cc07} aComponent={HostWrap} aText={VirtualBox is not currently allowed to access USB devices.  You can change this by adding your user to the 'vboxusers' group.  Please see the user manual for a more detailed explanation}, preserve=true aResultDetail=0
00:10:24.365346 DCon87   Saving settings file "/home/gyom/VirtualBox_VMs/win7-opcom/win7-opcom.vbox" with version "1.19-linux"
00:10:24.368590 DCon87   Finished saving settings file "/home/gyom/VirtualBox_VMs/win7-opcom/win7-opcom.vbox"
00:10:24.379174 DCon91   ERROR [COM]: aRC=VBOX_E_OBJECT_NOT_FOUND (0x80bb0001) aIID={5bfd8965-b81b-469f-8649-f717ce97a5d5} aComponent={NvramStoreWrap} aText={The UEFI NVRAM file is not existing for this machine}, preserve=false aResultDetail=0
00:10:24.410564 DCon88   ERROR [COM]: aRC=VBOX_E_INVALID_VM_STATE (0x80bb0002) aIID={e36a5081-a82a-40bd-9e4e-42a44d6ce50f} aComponent={MachineWrap} aText={The machine is not mutable, saved or running (state is Running)}, preserve=false aResultDetail=0
00:10:24.423091 DCon91   WARNING [COM]: aRC=NS_ERROR_FAILURE (0x80004005) aIID={d5dcece0-b202-4416-a138-03502784cc07} aComponent={HostWrap} aText={VirtualBox is not currently allowed to access USB devices.  You can change this by adding your user to the 'vboxusers' group.  Please see the user manual for a more detailed explanation}, preserve=true aResultDetail=0
00:10:24.424635 DCon96   WARNING [COM]: aRC=NS_ERROR_FAILURE (0x80004005) aIID={d5dcece0-b202-4416-a138-03502784cc07} aComponent={HostWrap} aText={VirtualBox is not currently allowed to access USB devices.  You can change this by adding your user to the 'vboxusers' group.  Please see the user manual for a more detailed explanation}, preserve=true aResultDetail=0
00:10:24.585782 DCon96   Saving settings file "/home/gyom/VirtualBox_VMs/win7-opcom/win7-opcom.vbox" with version "1.19-linux"
00:10:24.589058 DCon96   Finished saving settings file "/home/gyom/VirtualBox_VMs/win7-opcom/win7-opcom.vbox"
00:10:24.599079 DCon90   ERROR [COM]: aRC=VBOX_E_OBJECT_NOT_FOUND (0x80bb0001) aIID={5bfd8965-b81b-469f-8649-f717ce97a5d5} aComponent={NvramStoreWrap} aText={The UEFI NVRAM file is not existing for this machine}, preserve=false aResultDetail=0
00:10:24.613847 DCon87   ERROR [COM]: aRC=VBOX_E_INVALID_VM_STATE (0x80bb0002) aIID={e36a5081-a82a-40bd-9e4e-42a44d6ce50f} aComponent={MachineWrap} aText={The machine is not mutable, saved or running (state is Running)}, preserve=false aResultDetail=0
00:10:24.623809 DCon87   WARNING [COM]: aRC=NS_ERROR_FAILURE (0x80004005) aIID={d5dcece0-b202-4416-a138-03502784cc07} aComponent={HostWrap} aText={VirtualBox is not currently allowed to access USB devices.  You can change this by adding your user to the 'vboxusers' group.  Please see the user manual for a more detailed explanation}, preserve=true aResultDetail=0
00:10:24.624898 DCon87   WARNING [COM]: aRC=NS_ERROR_FAILURE (0x80004005) aIID={d5dcece0-b202-4416-a138-03502784cc07} aComponent={HostWrap} aText={VirtualBox is not currently allowed to access USB devices.  You can change this by adding your user to the 'vboxusers' group.  Please see the user manual for a more detailed explanation}, preserve=true aResultDetail=0
00:10:24.970769 DCon90   Saving settings file "/home/gyom/VirtualBox_VMs/win7-opcom/win7-opcom.vbox" with version "1.19-linux"
00:10:24.975585 DCon90   Finished saving settings file "/home/gyom/VirtualBox_VMs/win7-opcom/win7-opcom.vbox"
00:10:24.985771 DCon96   ERROR [COM]: aRC=VBOX_E_OBJECT_NOT_FOUND (0x80bb0001) aIID={5bfd8965-b81b-469f-8649-f717ce97a5d5} aComponent={NvramStoreWrap} aText={The UEFI NVRAM file is not existing for this machine}, preserve=false aResultDetail=0
00:10:25.003422 DCon87   ERROR [COM]: aRC=VBOX_E_INVALID_VM_STATE (0x80bb0002) aIID={e36a5081-a82a-40bd-9e4e-42a44d6ce50f} aComponent={MachineWrap} aText={The machine is not mutable, saved or running (state is Running)}, preserve=false aResultDetail=0
00:10:25.015657 DCon96   WARNING [COM]: aRC=NS_ERROR_FAILURE (0x80004005) aIID={d5dcece0-b202-4416-a138-03502784cc07} aComponent={HostWrap} aText={VirtualBox is not currently allowed to access USB devices.  You can change this by adding your user to the 'vboxusers' group.  Please see the user manual for a more detailed explanation}, preserve=true aResultDetail=0
00:10:25.017146 DCon87   WARNING [COM]: aRC=NS_ERROR_FAILURE (0x80004005) aIID={d5dcece0-b202-4416-a138-03502784cc07} aComponent={HostWrap} aText={VirtualBox is not currently allowed to access USB devices.  You can change this by adding your user to the 'vboxusers' group.  Please see the user manual for a more detailed explanation}, preserve=true aResultDetail=0
00:10:25.074771 DCon89   Saving settings file "/home/gyom/VirtualBox_VMs/win7-opcom/win7-opcom.vbox" with version "1.19-linux"
00:10:25.079097 DCon89   Finished saving settings file "/home/gyom/VirtualBox_VMs/win7-opcom/win7-opcom.vbox"
00:10:25.092092 DCon89   ERROR [COM]: aRC=VBOX_E_OBJECT_NOT_FOUND (0x80bb0001) aIID={5bfd8965-b81b-469f-8649-f717ce97a5d5} aComponent={NvramStoreWrap} aText={The UEFI NVRAM file is not existing for this machine}, preserve=false aResultDetail=0
00:10:25.108831 DCon91   ERROR [COM]: aRC=VBOX_E_INVALID_VM_STATE (0x80bb0002) aIID={e36a5081-a82a-40bd-9e4e-42a44d6ce50f} aComponent={MachineWrap} aText={The machine is not mutable, saved or running (state is Running)}, preserve=false aResultDetail=0
00:10:25.119402 DCon91   WARNING [COM]: aRC=NS_ERROR_FAILURE (0x80004005) aIID={d5dcece0-b202-4416-a138-03502784cc07} aComponent={HostWrap} aText={VirtualBox is not currently allowed to access USB devices.  You can change this by adding your user to the 'vboxusers' group.  Please see the user manual for a more detailed explanation}, preserve=true aResultDetail=0
00:10:25.120752 DCon91   WARNING [COM]: aRC=NS_ERROR_FAILURE (0x80004005) aIID={d5dcece0-b202-4416-a138-03502784cc07} aComponent={HostWrap} aText={VirtualBox is not currently allowed to access USB devices.  You can change this by adding your user to the 'vboxusers' group.  Please see the user manual for a more detailed explanation}, preserve=true aResultDetail=0
00:10:25.364112 DCon89   Saving settings file "/home/gyom/VirtualBox_VMs/win7-opcom/win7-opcom.vbox" with version "1.19-linux"
00:10:25.367717 DCon89   Finished saving settings file "/home/gyom/VirtualBox_VMs/win7-opcom/win7-opcom.vbox"
00:10:25.379554 DCon93   ERROR [COM]: aRC=VBOX_E_OBJECT_NOT_FOUND (0x80bb0001) aIID={5bfd8965-b81b-469f-8649-f717ce97a5d5} aComponent={NvramStoreWrap} aText={The UEFI NVRAM file is not existing for this machine}, preserve=false aResultDetail=0
00:10:25.407843 DCon93   ERROR [COM]: aRC=VBOX_E_INVALID_VM_STATE (0x80bb0002) aIID={e36a5081-a82a-40bd-9e4e-42a44d6ce50f} aComponent={MachineWrap} aText={The machine is not mutable, saved or running (state is Running)}, preserve=false aResultDetail=0
00:10:25.417564 DCon93   WARNING [COM]: aRC=NS_ERROR_FAILURE (0x80004005) aIID={d5dcece0-b202-4416-a138-03502784cc07} aComponent={HostWrap} aText={VirtualBox is not currently allowed to access USB devices.  You can change this by adding your user to the 'vboxusers' group.  Please see the user manual for a more detailed explanation}, preserve=true aResultDetail=0
00:10:25.418635 DCon93   WARNING [COM]: aRC=NS_ERROR_FAILURE (0x80004005) aIID={d5dcece0-b202-4416-a138-03502784cc07} aComponent={HostWrap} aText={VirtualBox is not currently allowed to access USB devices.  You can change this by adding your user to the 'vboxusers' group.  Please see the user manual for a more detailed explanation}, preserve=true aResultDetail=0
00:10:27.364730 DCon88   Saving settings file "/home/gyom/VirtualBox_VMs/win7-opcom/win7-opcom.vbox" with version "1.19-linux"
00:10:27.368164 DCon88   Finished saving settings file "/home/gyom/VirtualBox_VMs/win7-opcom/win7-opcom.vbox"
00:10:27.377679 DCon93   ERROR [COM]: aRC=VBOX_E_OBJECT_NOT_FOUND (0x80bb0001) aIID={5bfd8965-b81b-469f-8649-f717ce97a5d5} aComponent={NvramStoreWrap} aText={The UEFI NVRAM file is not existing for this machine}, preserve=false aResultDetail=0
00:10:27.390906 DCon93   ERROR [COM]: aRC=VBOX_E_INVALID_VM_STATE (0x80bb0002) aIID={e36a5081-a82a-40bd-9e4e-42a44d6ce50f} aComponent={MachineWrap} aText={The machine is not mutable, saved or running (state is Running)}, preserve=false aResultDetail=0
00:10:27.401261 DCon93   WARNING [COM]: aRC=NS_ERROR_FAILURE (0x80004005) aIID={d5dcece0-b202-4416-a138-03502784cc07} aComponent={HostWrap} aText={VirtualBox is not currently allowed to access USB devices.  You can change this by adding your user to the 'vboxusers' group.  Please see the user manual for a more detailed explanation}, preserve=true aResultDetail=0
00:10:27.402527 DCon93   WARNING [COM]: aRC=NS_ERROR_FAILURE (0x80004005) aIID={d5dcece0-b202-4416-a138-03502784cc07} aComponent={HostWrap} aText={VirtualBox is not currently allowed to access USB devices.  You can change this by adding your user to the 'vboxusers' group.  Please see the user manual for a more detailed explanation}, preserve=true aResultDetail=0
00:10:27.864068 DCon89   Saving settings file "/home/gyom/VirtualBox_VMs/win7-opcom/win7-opcom.vbox" with version "1.19-linux"
00:10:27.867361 DCon89   Finished saving settings file "/home/gyom/VirtualBox_VMs/win7-opcom/win7-opcom.vbox"
00:10:27.876933 DCon90   ERROR [COM]: aRC=VBOX_E_OBJECT_NOT_FOUND (0x80bb0001) aIID={5bfd8965-b81b-469f-8649-f717ce97a5d5} aComponent={NvramStoreWrap} aText={The UEFI NVRAM file is not existing for this machine}, preserve=false aResultDetail=0
00:10:27.888990 DCon89   ERROR [COM]: aRC=VBOX_E_INVALID_VM_STATE (0x80bb0002) aIID={e36a5081-a82a-40bd-9e4e-42a44d6ce50f} aComponent={MachineWrap} aText={The machine is not mutable, saved or running (state is Running)}, preserve=false aResultDetail=0
00:10:27.898679 DCon89   WARNING [COM]: aRC=NS_ERROR_FAILURE (0x80004005) aIID={d5dcece0-b202-4416-a138-03502784cc07} aComponent={HostWrap} aText={VirtualBox is not currently allowed to access USB devices.  You can change this by adding your user to the 'vboxusers' group.  Please see the user manual for a more detailed explanation}, preserve=true aResultDetail=0
00:10:27.899883 DCon89   WARNING [COM]: aRC=NS_ERROR_FAILURE (0x80004005) aIID={d5dcece0-b202-4416-a138-03502784cc07} aComponent={HostWrap} aText={VirtualBox is not currently allowed to access USB devices.  You can change this by adding your user to the 'vboxusers' group.  Please see the user manual for a more detailed explanation}, preserve=true aResultDetail=0
00:10:34.514620 DCon90   ERROR [COM]: aRC=VBOX_E_OBJECT_NOT_FOUND (0x80bb0001) aIID={5bfd8965-b81b-469f-8649-f717ce97a5d5} aComponent={NvramStoreWrap} aText={The UEFI NVRAM file is not existing for this machine}, preserve=false aResultDetail=0
00:10:34.519875 DCon90   Saving settings file "/home/gyom/VirtualBox_VMs/win7-opcom/win7-opcom.vbox" with version "1.19-linux"
00:10:34.523577 DCon90   Finished saving settings file "/home/gyom/VirtualBox_VMs/win7-opcom/win7-opcom.vbox"
00:10:34.536533 DCon91   ERROR [COM]: aRC=VBOX_E_OBJECT_NOT_FOUND (0x80bb0001) aIID={5bfd8965-b81b-469f-8649-f717ce97a5d5} aComponent={NvramStoreWrap} aText={The UEFI NVRAM file is not existing for this machine}, preserve=false aResultDetail=0
00:10:34.551733 DCon91   ERROR [COM]: aRC=VBOX_E_INVALID_VM_STATE (0x80bb0002) aIID={e36a5081-a82a-40bd-9e4e-42a44d6ce50f} aComponent={MachineWrap} aText={The machine is not mutable, saved or running (state is Running)}, preserve=false aResultDetail=0
00:10:34.563763 DCon91   WARNING [COM]: aRC=NS_ERROR_FAILURE (0x80004005) aIID={d5dcece0-b202-4416-a138-03502784cc07} aComponent={HostWrap} aText={VirtualBox is not currently allowed to access USB devices.  You can change this by adding your user to the 'vboxusers' group.  Please see the user manual for a more detailed explanation}, preserve=true aResultDetail=0
00:10:34.564895 DCon91   WARNING [COM]: aRC=NS_ERROR_FAILURE (0x80004005) aIID={d5dcece0-b202-4416-a138-03502784cc07} aComponent={HostWrap} aText={VirtualBox is not currently allowed to access USB devices.  You can change this by adding your user to the 'vboxusers' group.  Please see the user manual for a more detailed explanation}, preserve=true aResultDetail=0
00:10:47.279418 DCon91   Saving settings file "/home/gyom/VirtualBox_VMs/win7-opcom/win7-opcom.vbox" with version "1.19-linux"
00:10:47.282578 DCon91   Finished saving settings file "/home/gyom/VirtualBox_VMs/win7-opcom/win7-opcom.vbox"
00:10:47.293137 DCon94   ERROR [COM]: aRC=VBOX_E_OBJECT_NOT_FOUND (0x80bb0001) aIID={5bfd8965-b81b-469f-8649-f717ce97a5d5} aComponent={NvramStoreWrap} aText={The UEFI NVRAM file is not existing for this machine}, preserve=false aResultDetail=0
00:10:47.307169 DCon94   ERROR [COM]: aRC=VBOX_E_INVALID_VM_STATE (0x80bb0002) aIID={e36a5081-a82a-40bd-9e4e-42a44d6ce50f} aComponent={MachineWrap} aText={The machine is not mutable, saved or running (state is Running)}, preserve=false aResultDetail=0
00:10:47.319161 DCon93   WARNING [COM]: aRC=NS_ERROR_FAILURE (0x80004005) aIID={d5dcece0-b202-4416-a138-03502784cc07} aComponent={HostWrap} aText={VirtualBox is not currently allowed to access USB devices.  You can change this by adding your user to the 'vboxusers' group.  Please see the user manual for a more detailed explanation}, preserve=true aResultDetail=0
00:10:47.320752 DCon93   WARNING [COM]: aRC=NS_ERROR_FAILURE (0x80004005) aIID={d5dcece0-b202-4416-a138-03502784cc07} aComponent={HostWrap} aText={VirtualBox is not currently allowed to access USB devices.  You can change this by adding your user to the 'vboxusers' group.  Please see the user manual for a more detailed explanation}, preserve=true aResultDetail=0
00:10:48.966341 DCon94   Saving settings file "/home/gyom/VirtualBox_VMs/win7-opcom/win7-opcom.vbox" with version "1.19-linux"
00:10:48.969647 DCon94   Finished saving settings file "/home/gyom/VirtualBox_VMs/win7-opcom/win7-opcom.vbox"
00:10:48.980656 DCon91   ERROR [COM]: aRC=VBOX_E_OBJECT_NOT_FOUND (0x80bb0001) aIID={5bfd8965-b81b-469f-8649-f717ce97a5d5} aComponent={NvramStoreWrap} aText={The UEFI NVRAM file is not existing for this machine}, preserve=false aResultDetail=0
00:10:48.996866 DCon84   ERROR [COM]: aRC=VBOX_E_INVALID_VM_STATE (0x80bb0002) aIID={e36a5081-a82a-40bd-9e4e-42a44d6ce50f} aComponent={MachineWrap} aText={The machine is not mutable, saved or running (state is Running)}, preserve=false aResultDetail=0
00:10:49.009999 DCon84   WARNING [COM]: aRC=NS_ERROR_FAILURE (0x80004005) aIID={d5dcece0-b202-4416-a138-03502784cc07} aComponent={HostWrap} aText={VirtualBox is not currently allowed to access USB devices.  You can change this by adding your user to the 'vboxusers' group.  Please see the user manual for a more detailed explanation}, preserve=true aResultDetail=0
00:10:49.012178 DCon84   WARNING [COM]: aRC=NS_ERROR_FAILURE (0x80004005) aIID={d5dcece0-b202-4416-a138-03502784cc07} aComponent={HostWrap} aText={VirtualBox is not currently allowed to access USB devices.  You can change this by adding your user to the 'vboxusers' group.  Please see the user manual for a more detailed explanation}, preserve=true aResultDetail=0
00:10:51.563835 DCon91   Saving settings file "/home/gyom/VirtualBox_VMs/win7-opcom/win7-opcom.vbox" with version "1.19-linux"
00:10:51.567020 DCon91   Finished saving settings file "/home/gyom/VirtualBox_VMs/win7-opcom/win7-opcom.vbox"
00:10:51.575751 DCon93   ERROR [COM]: aRC=VBOX_E_OBJECT_NOT_FOUND (0x80bb0001) aIID={5bfd8965-b81b-469f-8649-f717ce97a5d5} aComponent={NvramStoreWrap} aText={The UEFI NVRAM file is not existing for this machine}, preserve=false aResultDetail=0
00:10:51.588541 DCon93   ERROR [COM]: aRC=VBOX_E_INVALID_VM_STATE (0x80bb0002) aIID={e36a5081-a82a-40bd-9e4e-42a44d6ce50f} aComponent={MachineWrap} aText={The machine is not mutable, saved or running (state is Running)}, preserve=false aResultDetail=0
00:10:51.597661 DCon93   WARNING [COM]: aRC=NS_ERROR_FAILURE (0x80004005) aIID={d5dcece0-b202-4416-a138-03502784cc07} aComponent={HostWrap} aText={VirtualBox is not currently allowed to access USB devices.  You can change this by adding your user to the 'vboxusers' group.  Please see the user manual for a more detailed explanation}, preserve=true aResultDetail=0
00:10:51.598843 DCon93   WARNING [COM]: aRC=NS_ERROR_FAILURE (0x80004005) aIID={d5dcece0-b202-4416-a138-03502784cc07} aComponent={HostWrap} aText={VirtualBox is not currently allowed to access USB devices.  You can change this by adding your user to the 'vboxusers' group.  Please see the user manual for a more detailed explanation}, preserve=true aResultDetail=0
00:10:56.500128 DCon91   WARNING [COM]: aRC=NS_ERROR_FAILURE (0x80004005) aIID={d5dcece0-b202-4416-a138-03502784cc07} aComponent={HostWrap} aText={VirtualBox is not currently allowed to access USB devices.  You can change this by adding your user to the 'vboxusers' group.  Please see the user manual for a more detailed explanation}, preserve=true aResultDetail=0
00:10:57.189435 DCon84   ERROR [COM]: aRC=VBOX_E_OBJECT_NOT_FOUND (0x80bb0001) aIID={5bfd8965-b81b-469f-8649-f717ce97a5d5} aComponent={NvramStoreWrap} aText={The UEFI NVRAM file is not existing for this machine}, preserve=false aResultDetail=0
00:10:57.516102 DCon89   NetIfAdpCtlOut: VBoxNetAdpCtl: Error while retrieving link speed for wlp3s0: VBoxNetAdpCtl: ioctl failed: Operation not supported
00:10:57.533543 DCon89   NetIfAdpCtlOut: VBoxNetAdpCtl: Error while retrieving link speed for wlp3s0: VBoxNetAdpCtl: ioctl failed: Operation not supported
00:10:57.547348 DCon89   WARNING [COM]: aRC=NS_ERROR_FAILURE (0x80004005) aIID={d5dcece0-b202-4416-a138-03502784cc07} aComponent={HostWrap} aText={VirtualBox is not currently allowed to access USB devices.  You can change this by adding your user to the 'vboxusers' group.  Please see the user manual for a more detailed explanation}, preserve=true aResultDetail=0
00:10:57.547950 DCon101  WARNING [COM]: aRC=NS_ERROR_FAILURE (0x80004005) aIID={d5dcece0-b202-4416-a138-03502784cc07} aComponent={HostWrap} aText={VirtualBox is not currently allowed to access USB devices.  You can change this by adding your user to the 'vboxusers' group.  Please see the user manual for a more detailed explanation}, preserve=true aResultDetail=0
00:10:57.753921 DCon89   Saving settings file "/home/gyom/.config/VirtualBox/VirtualBox.xml" with version "1.12-linux"
00:10:57.756573 DCon89   Finished saving settings file "/home/gyom/.config/VirtualBox/VirtualBox.xml"
00:11:23.192038 DCon94   ERROR [COM]: aRC=VBOX_E_IPRT_ERROR (0x80bb0005) aIID={7d510820-a678-4730-a862-818dcd3fbed0} aComponent={MediumWrap} aText={Could not get the storage format of the medium '/home/gyom/Games/Le_Maitre_de_l_Olympe/CD zeus.iso' (VERR_NOT_SUPPORTED)}, preserve=false aResultDetail=-37
00:12:54.312585 DCon94   Saving settings file "/home/gyom/.config/VirtualBox/VirtualBox.xml" with version "1.12-linux"
00:12:54.315604 DCon94   Finished saving settings file "/home/gyom/.config/VirtualBox/VirtualBox.xml"
00:12:54.317469 DCon94   Saving settings file "/home/gyom/.config/VirtualBox/VirtualBox.xml" with version "1.12-linux"
00:12:54.320149 DCon94   Finished saving settings file "/home/gyom/.config/VirtualBox/VirtualBox.xml"
00:13:47.970627 DCon89   ERROR [COM]: aRC=VBOX_E_IPRT_ERROR (0x80bb0005) aIID={7d510820-a678-4730-a862-818dcd3fbed0} aComponent={MediumWrap} aText={Could not get the storage format of the medium '/home/gyom/Games/Le_Maitre_de_l_Olympe/CD poseidon.iso' (VERR_NOT_SUPPORTED)}, preserve=false aResultDetail=-37
00:29:58.104465 dns-monitor NAT: resolv.conf: nameserver 192.168.0.1
00:29:58.105776 dns-monitor HostDnsMonitor: updating information
00:29:58.105815 dns-monitor HostDnsMonitor: old information
00:29:58.105822 dns-monitor   server 1: 192.168.0.1
00:29:58.105831 dns-monitor   server 2: 10.255.255.2
00:29:58.105837 dns-monitor   domain: .
00:29:58.105843 dns-monitor   search string 1: .
00:29:58.105848 dns-monitor HostDnsMonitor: new information
00:29:58.105854 dns-monitor   server 1: 192.168.0.1
00:29:58.105860 dns-monitor   domain: .
00:29:58.105865 dns-monitor   search string 1: .
00:29:58.108174 DCon89   HostDnsMonitorProxy::GetDomainName: .
00:29:58.108365 DCon89   HostDnsMonitorProxy::GetNameServers:
00:29:58.108374 DCon89     name server 1: 192.168.0.1
00:29:58.109234 DCon89   HostDnsMonitorProxy::GetSearchStrings:
00:29:58.109246 DCon89     search string 1: .
00:30:01.405902 dns-monitor NAT: resolv.conf: nameserver 192.168.0.1
00:30:01.405928 dns-monitor NAT: resolv.conf: nameserver 2a02:8108:2813:8a00:10:18ff:fee7:c84c
00:30:01.407676 dns-monitor HostDnsMonitor: updating information
00:30:01.407685 dns-monitor HostDnsMonitor: old information
00:30:01.407691 dns-monitor   server 1: 192.168.0.1
00:30:01.407698 dns-monitor   domain: .
00:30:01.407704 dns-monitor   search string 1: .
00:30:01.407710 dns-monitor HostDnsMonitor: new information
00:30:01.407715 dns-monitor   server 1: 192.168.0.1
00:30:01.407721 dns-monitor   server 2: 2a02:8108:2813:8a00:10:18ff:fee7:c84c
00:30:01.407727 dns-monitor   domain: .
00:30:01.407732 dns-monitor   search string 1: .
00:30:01.408511 DCon89   HostDnsMonitorProxy::GetDomainName: .
00:30:01.408641 DCon89   HostDnsMonitorProxy::GetNameServers:
00:30:01.408649 DCon89     name server 1: 192.168.0.1
00:30:01.408657 DCon89     name server 2: 2a02:8108:2813:8a00:10:18ff:fee7:c84c
00:30:01.408782 DCon89   HostDnsMonitorProxy::GetSearchStrings:
00:30:01.408790 DCon89     search string 1: .
00:30:01.409043 dns-monitor NAT: resolv.conf: nameserver 192.168.0.1
00:30:01.409060 dns-monitor NAT: resolv.conf: nameserver 2a02:8108:2813:8a00:10:18ff:fee7:c84c
00:30:01.409076 dns-monitor HostDnsMonitor: updating information
00:30:01.409086 dns-monitor HostDnsMonitor: unchanged
00:32:56.850676 dns-monitor NAT: resolv.conf: nameserver 192.168.0.1
00:32:56.850709 dns-monitor NAT: resolv.conf: nameserver 2a02:8108:2813:8a00:10:18ff:fee7:c84c
00:32:56.850721 dns-monitor NAT: resolv.conf: nameserver 10.255.255.2
00:32:56.850744 dns-monitor HostDnsMonitor: updating information
00:32:56.850775 dns-monitor HostDnsMonitor: old information
00:32:56.850783 dns-monitor   server 1: 192.168.0.1
00:32:56.850791 dns-monitor   server 2: 2a02:8108:2813:8a00:10:18ff:fee7:c84c
00:32:56.850798 dns-monitor   domain: .
00:32:56.850806 dns-monitor   search string 1: .
00:32:56.850813 dns-monitor HostDnsMonitor: new information
00:32:56.850820 dns-monitor   server 1: 192.168.0.1
00:32:56.850827 dns-monitor   server 2: 2a02:8108:2813:8a00:10:18ff:fee7:c84c
00:32:56.850835 dns-monitor   server 3: 10.255.255.2
00:32:56.850842 dns-monitor   domain: .
00:32:56.850849 dns-monitor   search string 1: .
00:32:56.851665 DCon93   HostDnsMonitorProxy::GetDomainName: .
00:32:56.852037 DCon93   HostDnsMonitorProxy::GetNameServers:
00:32:56.852049 DCon93     name server 1: 192.168.0.1
00:32:56.852060 DCon93     name server 2: 2a02:8108:2813:8a00:10:18ff:fee7:c84c
00:32:56.852068 DCon93     name server 3: 10.255.255.2
00:32:56.852220 DCon93   HostDnsMonitorProxy::GetSearchStrings:
00:32:56.852230 DCon93     search string 1: .
00:32:56.852657 dns-monitor NAT: resolv.conf: nameserver 192.168.0.1
00:32:56.852677 dns-monitor NAT: resolv.conf: nameserver 2a02:8108:2813:8a00:10:18ff:fee7:c84c
00:32:56.852686 dns-monitor NAT: resolv.conf: nameserver 10.255.255.2
00:32:56.852714 dns-monitor HostDnsMonitor: updating information
00:32:56.852722 dns-monitor HostDnsMonitor: unchanged
00:35:55.532826 dns-monitor NAT: resolv.conf: nameserver 192.168.0.1
00:35:55.532886 dns-monitor NAT: resolv.conf: nameserver 10.255.255.2
00:35:55.532906 dns-monitor HostDnsMonitor: updating information
00:35:55.532932 dns-monitor HostDnsMonitor: old information
00:35:55.532938 dns-monitor   server 1: 192.168.0.1
00:35:55.532944 dns-monitor   server 2: 2a02:8108:2813:8a00:10:18ff:fee7:c84c
00:35:55.532950 dns-monitor   server 3: 10.255.255.2
00:35:55.532955 dns-monitor   domain: .
00:35:55.532961 dns-monitor   search string 1: .
00:35:55.532966 dns-monitor HostDnsMonitor: new information
00:35:55.532972 dns-monitor   server 1: 192.168.0.1
00:35:55.532979 dns-monitor   server 2: 10.255.255.2
00:35:55.532984 dns-monitor   domain: .
00:35:55.532990 dns-monitor   search string 1: .
00:35:55.533934 DCon94   HostDnsMonitorProxy::GetDomainName: .
00:35:55.534075 DCon94   HostDnsMonitorProxy::GetNameServers:
00:35:55.534084 DCon94     name server 1: 192.168.0.1
00:35:55.534093 DCon94     name server 2: 10.255.255.2
00:35:55.534228 DCon94   HostDnsMonitorProxy::GetSearchStrings:
00:35:55.534236 DCon94     search string 1: .
00:35:55.534539 dns-monitor NAT: resolv.conf: nameserver 192.168.0.1
00:35:55.534555 dns-monitor NAT: resolv.conf: nameserver 10.255.255.2
00:35:55.534569 dns-monitor HostDnsMonitor: updating information
00:35:55.534575 dns-monitor HostDnsMonitor: unchanged
00:40:26.184411 MainPower Host suspending: Paused 1 VMs
00:40:26.198497 DCon89   WARNING [COM]: aRC=NS_ERROR_FAILURE (0x80004005) aIID={d5dcece0-b202-4416-a138-03502784cc07} aComponent={HostWrap} aText={VirtualBox is not currently allowed to access USB devices.  You can change this by adding your user to the 'vboxusers' group.  Please see the user manual for a more detailed explanation}, preserve=true aResultDetail=0
00:40:26.212199 DCon89   WARNING [COM]: aRC=NS_ERROR_FAILURE (0x80004005) aIID={d5dcece0-b202-4416-a138-03502784cc07} aComponent={HostWrap} aText={VirtualBox is not currently allowed to access USB devices.  You can change this by adding your user to the 'vboxusers' group.  Please see the user manual for a more detailed explanation}, preserve=true aResultDetail=0
00:40:26.216400 DCon101  ERROR [COM]: aRC=NS_ERROR_FAILURE (0x80004005) aIID={83cfdc66-4f20-4569-ad39-8722f7d472b3} aComponent={RecordingSettingsWrap} aText={Recording not started}, preserve=false aResultDetail=0
00:40:26.243614 DCon101  WARNING [COM]: aRC=NS_ERROR_FAILURE (0x80004005) aIID={d5dcece0-b202-4416-a138-03502784cc07} aComponent={HostWrap} aText={VirtualBox is not currently allowed to access USB devices.  You can change this by adding your user to the 'vboxusers' group.  Please see the user manual for a more detailed explanation}, preserve=true aResultDetail=0
00:40:26.252347 DCon101  ERROR [COM]: aRC=VBOX_E_OBJECT_NOT_FOUND (0x80bb0001) aIID={5bfd8965-b81b-469f-8649-f717ce97a5d5} aComponent={NvramStoreWrap} aText={The UEFI NVRAM file is not existing for this machine}, preserve=false aResultDetail=0
00:40:26.268766 DCon101  ERROR [COM]: aRC=VBOX_E_INVALID_VM_STATE (0x80bb0002) aIID={e36a5081-a82a-40bd-9e4e-42a44d6ce50f} aComponent={MachineWrap} aText={The machine is not mutable, saved or running (state is Paused)}, preserve=false aResultDetail=0
00:40:26.279520 DCon101  WARNING [COM]: aRC=NS_ERROR_FAILURE (0x80004005) aIID={d5dcece0-b202-4416-a138-03502784cc07} aComponent={HostWrap} aText={VirtualBox is not currently allowed to access USB devices.  You can change this by adding your user to the 'vboxusers' group.  Please see the user manual for a more detailed explanation}, preserve=true aResultDetail=0
00:40:26.281144 DCon101  WARNING [COM]: aRC=NS_ERROR_FAILURE (0x80004005) aIID={d5dcece0-b202-4416-a138-03502784cc07} aComponent={HostWrap} aText={VirtualBox is not currently allowed to access USB devices.  You can change this by adding your user to the 'vboxusers' group.  Please see the user manual for a more detailed explanation}, preserve=true aResultDetail=0
00:40:26.740948 dns-monitor NAT: resolv.conf: nameserver 10.255.255.2
00:40:26.741000 dns-monitor HostDnsMonitor: updating information
00:40:26.741040 dns-monitor HostDnsMonitor: old information
00:40:26.741053 dns-monitor   server 1: 192.168.0.1
00:40:26.741066 dns-monitor   server 2: 10.255.255.2
00:40:26.741075 dns-monitor   domain: .
00:40:26.741083 dns-monitor   search string 1: .
00:40:26.741092 dns-monitor HostDnsMonitor: new information
00:40:26.741100 dns-monitor   server 1: 10.255.255.2
00:40:26.741108 dns-monitor   domain: .
00:40:26.741116 dns-monitor   search string 1: .
00:40:26.742685 DCon101  HostDnsMonitorProxy::GetDomainName: .
00:40:26.743122 DCon101  HostDnsMonitorProxy::GetNameServers:
00:40:26.743156 DCon101    name server 1: 10.255.255.2
00:40:26.743551 DCon101  HostDnsMonitorProxy::GetSearchStrings:
00:40:26.743568 DCon101    search string 1: .
00:40:29.314660 MainPower Host resumed: Resumed 1 VMs
00:40:29.331282 DCon104  WARNING [COM]: aRC=NS_ERROR_FAILURE (0x80004005) aIID={d5dcece0-b202-4416-a138-03502784cc07} aComponent={HostWrap} aText={VirtualBox is not currently allowed to access USB devices.  You can change this by adding your user to the 'vboxusers' group.  Please see the user manual for a more detailed explanation}, preserve=true aResultDetail=0
00:40:29.332589 DCon104  WARNING [COM]: aRC=NS_ERROR_FAILURE (0x80004005) aIID={d5dcece0-b202-4416-a138-03502784cc07} aComponent={HostWrap} aText={VirtualBox is not currently allowed to access USB devices.  You can change this by adding your user to the 'vboxusers' group.  Please see the user manual for a more detailed explanation}, preserve=true aResultDetail=0
00:40:29.334782 DCon104  ERROR [COM]: aRC=NS_ERROR_FAILURE (0x80004005) aIID={83cfdc66-4f20-4569-ad39-8722f7d472b3} aComponent={RecordingSettingsWrap} aText={Recording not started}, preserve=false aResultDetail=0
00:40:29.349184 DCon89   WARNING [COM]: aRC=NS_ERROR_FAILURE (0x80004005) aIID={d5dcece0-b202-4416-a138-03502784cc07} aComponent={HostWrap} aText={VirtualBox is not currently allowed to access USB devices.  You can change this by adding your user to the 'vboxusers' group.  Please see the user manual for a more detailed explanation}, preserve=true aResultDetail=0
00:40:29.355624 DCon89   ERROR [COM]: aRC=VBOX_E_OBJECT_NOT_FOUND (0x80bb0001) aIID={5bfd8965-b81b-469f-8649-f717ce97a5d5} aComponent={NvramStoreWrap} aText={The UEFI NVRAM file is not existing for this machine}, preserve=false aResultDetail=0
00:40:29.368616 DCon89   ERROR [COM]: aRC=VBOX_E_INVALID_VM_STATE (0x80bb0002) aIID={e36a5081-a82a-40bd-9e4e-42a44d6ce50f} aComponent={MachineWrap} aText={The machine is not mutable, saved or running (state is Running)}, preserve=false aResultDetail=0
00:40:29.378538 DCon89   WARNING [COM]: aRC=NS_ERROR_FAILURE (0x80004005) aIID={d5dcece0-b202-4416-a138-03502784cc07} aComponent={HostWrap} aText={VirtualBox is not currently allowed to access USB devices.  You can change this by adding your user to the 'vboxusers' group.  Please see the user manual for a more detailed explanation}, preserve=true aResultDetail=0
00:40:29.379725 DCon89   WARNING [COM]: aRC=NS_ERROR_FAILURE (0x80004005) aIID={d5dcece0-b202-4416-a138-03502784cc07} aComponent={HostWrap} aText={VirtualBox is not currently allowed to access USB devices.  You can change this by adding your user to the 'vboxusers' group.  Please see the user manual for a more detailed explanation}, preserve=true aResultDetail=0
00:40:29.724144 dns-monitor NAT: resolv.conf: nameserver 9.9.9.9
00:40:29.724182 dns-monitor NAT: resolv.conf: nameserver 2620:fe::9
00:40:29.724191 dns-monitor NAT: resolv.conf: nameserver 1.1.1.1
00:40:29.724199 dns-monitor NAT: resolv.conf: too many nameserver lines, ignoring 2606:4700:4700::1111
00:40:29.724207 dns-monitor NAT: resolv.conf: too many nameserver lines, ignoring 8.8.8.8
00:40:29.724216 dns-monitor NAT: resolv.conf: too many nameserver lines, ignoring 2001:4860:4860::8888
00:40:29.724242 dns-monitor HostDnsMonitor: updating information
00:40:29.724252 dns-monitor HostDnsMonitor: old information
00:40:29.724261 dns-monitor   server 1: 10.255.255.2
00:40:29.724270 dns-monitor   domain: .
00:40:29.724279 dns-monitor   search string 1: .
00:40:29.724287 dns-monitor HostDnsMonitor: new information
00:40:29.724296 dns-monitor   server 1: 9.9.9.9
00:40:29.724304 dns-monitor   server 2: 2620:fe::9
00:40:29.724312 dns-monitor   server 3: 1.1.1.1
00:40:29.724351 dns-monitor   domain: .
00:40:29.724358 dns-monitor   search string 1: .
00:40:29.725076 DCon89   HostDnsMonitorProxy::GetDomainName: .
00:40:29.725207 DCon89   HostDnsMonitorProxy::GetNameServers:
00:40:29.725214 DCon89     name server 1: 9.9.9.9
00:40:29.725221 DCon89     name server 2: 2620:fe::9
00:40:29.725227 DCon89     name server 3: 1.1.1.1
00:40:29.725386 DCon89   HostDnsMonitorProxy::GetSearchStrings:
00:40:29.725400 DCon89     search string 1: .
00:40:32.468886 dns-monitor NAT: resolv.conf: nameserver 192.168.0.1
00:40:32.468925 dns-monitor HostDnsMonitor: updating information
00:40:32.468933 dns-monitor HostDnsMonitor: old information
00:40:32.468939 dns-monitor   server 1: 9.9.9.9
00:40:32.468946 dns-monitor   server 2: 2620:fe::9
00:40:32.468954 dns-monitor   server 3: 1.1.1.1
00:40:32.468960 dns-monitor   domain: .
00:40:32.468966 dns-monitor   search string 1: .
00:40:32.468972 dns-monitor HostDnsMonitor: new information
00:40:32.468978 dns-monitor   server 1: 192.168.0.1
00:40:32.468984 dns-monitor   domain: .
00:40:32.468989 dns-monitor   search string 1: .
00:40:32.469807 DCon89   HostDnsMonitorProxy::GetDomainName: .
00:40:32.470024 DCon89   HostDnsMonitorProxy::GetNameServers:
00:40:32.470041 DCon89     name server 1: 192.168.0.1
00:40:32.470184 DCon89   HostDnsMonitorProxy::GetSearchStrings:
00:40:32.470193 DCon89     search string 1: .
00:40:32.470463 dns-monitor NAT: resolv.conf: nameserver 192.168.0.1
00:40:32.470485 dns-monitor HostDnsMonitor: updating information
00:40:32.470493 dns-monitor HostDnsMonitor: unchanged
00:40:33.766997 dns-monitor NAT: resolv.conf: nameserver 192.168.0.1
00:40:33.767030 dns-monitor NAT: resolv.conf: nameserver 10.255.255.2
00:40:33.767050 dns-monitor HostDnsMonitor: updating information
00:40:33.767058 dns-monitor HostDnsMonitor: old information
00:40:33.767066 dns-monitor   server 1: 192.168.0.1
00:40:33.767073 dns-monitor   domain: .
00:40:33.767079 dns-monitor   search string 1: .
00:40:33.767085 dns-monitor HostDnsMonitor: new information
00:40:33.767090 dns-monitor   server 1: 192.168.0.1
00:40:33.767096 dns-monitor   server 2: 10.255.255.2
00:40:33.767102 dns-monitor   domain: .
00:40:33.767108 dns-monitor   search string 1: .
00:40:33.767837 DCon89   HostDnsMonitorProxy::GetDomainName: .
00:40:33.767973 DCon89   HostDnsMonitorProxy::GetNameServers:
00:40:33.767981 DCon89     name server 1: 192.168.0.1
00:40:33.767988 DCon89     name server 2: 10.255.255.2
00:40:33.768149 DCon89   HostDnsMonitorProxy::GetSearchStrings:
00:40:33.768157 DCon89     search string 1: .
00:40:33.768423 dns-monitor NAT: resolv.conf: nameserver 192.168.0.1
00:40:33.768438 dns-monitor NAT: resolv.conf: nameserver 10.255.255.2
00:40:33.768451 dns-monitor HostDnsMonitor: updating information
00:40:33.768458 dns-monitor HostDnsMonitor: unchanged
01:04:10.436648 dns-monitor NAT: resolv.conf: nameserver 10.255.255.2
01:04:10.436712 dns-monitor HostDnsMonitor: updating information
01:04:10.436749 dns-monitor HostDnsMonitor: old information
01:04:10.436756 dns-monitor   server 1: 192.168.0.1
01:04:10.436773 dns-monitor   server 2: 10.255.255.2
01:04:10.436787 dns-monitor   domain: .
01:04:10.436794 dns-monitor   search string 1: .
01:04:10.436801 dns-monitor HostDnsMonitor: new information
01:04:10.436806 dns-monitor   server 1: 10.255.255.2
01:04:10.436812 dns-monitor   domain: .
01:04:10.436818 dns-monitor   search string 1: .
01:04:10.437707 DCon131  HostDnsMonitorProxy::GetDomainName: .
01:04:10.437931 DCon131  HostDnsMonitorProxy::GetNameServers:
01:04:10.437944 DCon131    name server 1: 10.255.255.2
01:04:10.438124 DCon131  HostDnsMonitorProxy::GetSearchStrings:
01:04:10.438141 DCon131    search string 1: .
01:04:10.438491 dns-monitor NAT: resolv.conf: nameserver 10.255.255.2
01:04:10.438516 dns-monitor HostDnsMonitor: updating information
01:04:10.438523 dns-monitor HostDnsMonitor: unchanged
01:04:43.163744 dns-monitor NAT: resolv.conf: nameserver 192.168.0.1
01:04:43.163766 dns-monitor NAT: resolv.conf: nameserver 10.255.255.2
01:04:43.163785 dns-monitor HostDnsMonitor: updating information
01:04:43.163811 dns-monitor HostDnsMonitor: old information
01:04:43.163817 dns-monitor   server 1: 10.255.255.2
01:04:43.163824 dns-monitor   domain: .
01:04:43.163830 dns-monitor   search string 1: .
01:04:43.163836 dns-monitor HostDnsMonitor: new information
01:04:43.163842 dns-monitor   server 1: 192.168.0.1
01:04:43.163848 dns-monitor   server 2: 10.255.255.2
01:04:43.163854 dns-monitor   domain: .
01:04:43.163861 dns-monitor   search string 1: .
01:04:43.164790 DCon133  HostDnsMonitorProxy::GetDomainName: .
01:04:43.164933 DCon133  HostDnsMonitorProxy::GetNameServers:
01:04:43.164942 DCon133    name server 1: 192.168.0.1
01:04:43.164949 DCon133    name server 2: 10.255.255.2
01:04:43.165078 DCon133  HostDnsMonitorProxy::GetSearchStrings:
01:04:43.165086 DCon133    search string 1: .
01:04:43.165376 dns-monitor NAT: resolv.conf: nameserver 192.168.0.1
01:04:43.165397 dns-monitor NAT: resolv.conf: nameserver 10.255.255.2
01:04:43.165412 dns-monitor HostDnsMonitor: updating information
01:04:43.165419 dns-monitor HostDnsMonitor: unchanged
01:04:44.173565 dns-monitor NAT: resolv.conf: nameserver 192.168.0.1
01:04:44.173613 dns-monitor HostDnsMonitor: updating information
01:04:44.173622 dns-monitor HostDnsMonitor: old information
01:04:44.173630 dns-monitor   server 1: 192.168.0.1
01:04:44.173637 dns-monitor   server 2: 10.255.255.2
01:04:44.173643 dns-monitor   domain: .
01:04:44.173649 dns-monitor   search string 1: .
01:04:44.173655 dns-monitor HostDnsMonitor: new information
01:04:44.173661 dns-monitor   server 1: 192.168.0.1
01:04:44.173667 dns-monitor   domain: .
01:04:44.173672 dns-monitor   search string 1: .
01:04:44.175116 DCon133  HostDnsMonitorProxy::GetDomainName: .
01:04:44.175298 DCon133  HostDnsMonitorProxy::GetNameServers:
01:04:44.175312 DCon133    name server 1: 192.168.0.1
01:04:44.175504 DCon133  HostDnsMonitorProxy::GetSearchStrings:
01:04:44.175520 DCon133    search string 1: .
01:04:44.175860 dns-monitor NAT: resolv.conf: nameserver 192.168.0.1
01:04:44.175881 dns-monitor HostDnsMonitor: updating information
01:04:44.175890 dns-monitor HostDnsMonitor: unchanged
01:04:45.742583 dns-monitor NAT: resolv.conf: nameserver 10.255.255.2
01:04:45.742632 dns-monitor NAT: resolv.conf: nameserver 192.168.0.1
01:04:45.742663 dns-monitor HostDnsMonitor: updating information
01:04:45.742672 dns-monitor HostDnsMonitor: old information
01:04:45.742678 dns-monitor   server 1: 192.168.0.1
01:04:45.742686 dns-monitor   domain: .
01:04:45.742692 dns-monitor   search string 1: .
01:04:45.742699 dns-monitor HostDnsMonitor: new information
01:04:45.742706 dns-monitor   server 1: 10.255.255.2
01:04:45.742712 dns-monitor   server 2: 192.168.0.1
01:04:45.742720 dns-monitor   domain: .
01:04:45.742725 dns-monitor   search string 1: .
01:04:45.743663 DCon131  HostDnsMonitorProxy::GetDomainName: .
01:04:45.743847 DCon131  HostDnsMonitorProxy::GetNameServers:
01:04:45.743855 DCon131    name server 1: 10.255.255.2
01:04:45.743862 DCon131    name server 2: 192.168.0.1
01:04:45.744032 DCon131  HostDnsMonitorProxy::GetSearchStrings:
01:04:45.744056 DCon131    search string 1: .
01:04:45.744523 dns-monitor NAT: resolv.conf: nameserver 10.255.255.2
01:04:45.744540 dns-monitor NAT: resolv.conf: nameserver 192.168.0.1
01:04:45.744556 dns-monitor HostDnsMonitor: updating information
01:04:45.744563 dns-monitor HostDnsMonitor: unchanged
02:05:07.108246 MainPower Host suspending: Paused 1 VMs
02:05:07.127466 DCon197  WARNING [COM]: aRC=NS_ERROR_FAILURE (0x80004005) aIID={d5dcece0-b202-4416-a138-03502784cc07} aComponent={HostWrap} aText={VirtualBox is not currently allowed to access USB devices.  You can change this by adding your user to the 'vboxusers' group.  Please see the user manual for a more detailed explanation}, preserve=true aResultDetail=0
02:05:07.128663 DCon197  WARNING [COM]: aRC=NS_ERROR_FAILURE (0x80004005) aIID={d5dcece0-b202-4416-a138-03502784cc07} aComponent={HostWrap} aText={VirtualBox is not currently allowed to access USB devices.  You can change this by adding your user to the 'vboxusers' group.  Please see the user manual for a more detailed explanation}, preserve=true aResultDetail=0
02:05:07.130648 DCon197  ERROR [COM]: aRC=NS_ERROR_FAILURE (0x80004005) aIID={83cfdc66-4f20-4569-ad39-8722f7d472b3} aComponent={RecordingSettingsWrap} aText={Recording not started}, preserve=false aResultDetail=0
02:05:07.183806 DCon197  WARNING [COM]: aRC=NS_ERROR_FAILURE (0x80004005) aIID={d5dcece0-b202-4416-a138-03502784cc07} aComponent={HostWrap} aText={VirtualBox is not currently allowed to access USB devices.  You can change this by adding your user to the 'vboxusers' group.  Please see the user manual for a more detailed explanation}, preserve=true aResultDetail=0
02:05:07.193731 DCon199  ERROR [COM]: aRC=VBOX_E_OBJECT_NOT_FOUND (0x80bb0001) aIID={5bfd8965-b81b-469f-8649-f717ce97a5d5} aComponent={NvramStoreWrap} aText={The UEFI NVRAM file is not existing for this machine}, preserve=false aResultDetail=0
02:05:07.207606 DCon190  ERROR [COM]: aRC=VBOX_E_INVALID_VM_STATE (0x80bb0002) aIID={e36a5081-a82a-40bd-9e4e-42a44d6ce50f} aComponent={MachineWrap} aText={The machine is not mutable, saved or running (state is Paused)}, preserve=false aResultDetail=0
02:05:07.217537 DCon190  WARNING [COM]: aRC=NS_ERROR_FAILURE (0x80004005) aIID={d5dcece0-b202-4416-a138-03502784cc07} aComponent={HostWrap} aText={VirtualBox is not currently allowed to access USB devices.  You can change this by adding your user to the 'vboxusers' group.  Please see the user manual for a more detailed explanation}, preserve=true aResultDetail=0
02:05:07.219039 DCon190  WARNING [COM]: aRC=NS_ERROR_FAILURE (0x80004005) aIID={d5dcece0-b202-4416-a138-03502784cc07} aComponent={HostWrap} aText={VirtualBox is not currently allowed to access USB devices.  You can change this by adding your user to the 'vboxusers' group.  Please see the user manual for a more detailed explanation}, preserve=true aResultDetail=0
02:05:07.613966 dns-monitor NAT: resolv.conf: nameserver 10.255.255.2
02:05:07.614041 dns-monitor HostDnsMonitor: updating information
02:05:07.614103 dns-monitor HostDnsMonitor: old information
02:05:07.614112 dns-monitor   server 1: 10.255.255.2
02:05:07.614120 dns-monitor   server 2: 192.168.0.1
02:05:07.614127 dns-monitor   domain: .
02:05:07.614134 dns-monitor   search string 1: .
02:05:07.614141 dns-monitor HostDnsMonitor: new information
02:05:07.614147 dns-monitor   server 1: 10.255.255.2
02:05:07.614154 dns-monitor   domain: .
02:05:07.614160 dns-monitor   search string 1: .
02:05:07.615929 DCon190  HostDnsMonitorProxy::GetDomainName: .
02:05:07.616310 DCon190  HostDnsMonitorProxy::GetNameServers:
02:05:07.616333 DCon190    name server 1: 10.255.255.2
02:05:07.616658 DCon190  HostDnsMonitorProxy::GetSearchStrings:
02:05:07.616687 DCon190    search string 1: .
02:05:10.172653 MainPower Host resumed: Resumed 1 VMs
02:05:10.194852 DCon202  WARNING [COM]: aRC=NS_ERROR_FAILURE (0x80004005) aIID={d5dcece0-b202-4416-a138-03502784cc07} aComponent={HostWrap} aText={VirtualBox is not currently allowed to access USB devices.  You can change this by adding your user to the 'vboxusers' group.  Please see the user manual for a more detailed explanation}, preserve=true aResultDetail=0
02:05:10.196220 DCon202  WARNING [COM]: aRC=NS_ERROR_FAILURE (0x80004005) aIID={d5dcece0-b202-4416-a138-03502784cc07} aComponent={HostWrap} aText={VirtualBox is not currently allowed to access USB devices.  You can change this by adding your user to the 'vboxusers' group.  Please see the user manual for a more detailed explanation}, preserve=true aResultDetail=0
02:05:10.198672 DCon190  ERROR [COM]: aRC=NS_ERROR_FAILURE (0x80004005) aIID={83cfdc66-4f20-4569-ad39-8722f7d472b3} aComponent={RecordingSettingsWrap} aText={Recording not started}, preserve=false aResultDetail=0
02:05:10.212465 DCon180  WARNING [COM]: aRC=NS_ERROR_FAILURE (0x80004005) aIID={d5dcece0-b202-4416-a138-03502784cc07} aComponent={HostWrap} aText={VirtualBox is not currently allowed to access USB devices.  You can change this by adding your user to the 'vboxusers' group.  Please see the user manual for a more detailed explanation}, preserve=true aResultDetail=0
02:05:10.220170 DCon180  ERROR [COM]: aRC=VBOX_E_OBJECT_NOT_FOUND (0x80bb0001) aIID={5bfd8965-b81b-469f-8649-f717ce97a5d5} aComponent={NvramStoreWrap} aText={The UEFI NVRAM file is not existing for this machine}, preserve=false aResultDetail=0
02:05:10.235415 DCon180  ERROR [COM]: aRC=VBOX_E_INVALID_VM_STATE (0x80bb0002) aIID={e36a5081-a82a-40bd-9e4e-42a44d6ce50f} aComponent={MachineWrap} aText={The machine is not mutable, saved or running (state is Running)}, preserve=false aResultDetail=0
02:05:10.245883 DCon180  WARNING [COM]: aRC=NS_ERROR_FAILURE (0x80004005) aIID={d5dcece0-b202-4416-a138-03502784cc07} aComponent={HostWrap} aText={VirtualBox is not currently allowed to access USB devices.  You can change this by adding your user to the 'vboxusers' group.  Please see the user manual for a more detailed explanation}, preserve=true aResultDetail=0
02:05:10.247171 DCon180  WARNING [COM]: aRC=NS_ERROR_FAILURE (0x80004005) aIID={d5dcece0-b202-4416-a138-03502784cc07} aComponent={HostWrap} aText={VirtualBox is not currently allowed to access USB devices.  You can change this by adding your user to the 'vboxusers' group.  Please see the user manual for a more detailed explanation}, preserve=true aResultDetail=0
02:05:10.522331 dns-monitor NAT: resolv.conf: nameserver 9.9.9.9
02:05:10.522373 dns-monitor NAT: resolv.conf: nameserver 2620:fe::9
02:05:10.522388 dns-monitor NAT: resolv.conf: nameserver 1.1.1.1
02:05:10.522401 dns-monitor NAT: resolv.conf: too many nameserver lines, ignoring 2606:4700:4700::1111
02:05:10.522412 dns-monitor NAT: resolv.conf: too many nameserver lines, ignoring 8.8.8.8
02:05:10.522423 dns-monitor NAT: resolv.conf: too many nameserver lines, ignoring 2001:4860:4860::8888
02:05:10.522451 dns-monitor HostDnsMonitor: updating information
02:05:10.522463 dns-monitor HostDnsMonitor: old information
02:05:10.522473 dns-monitor   server 1: 10.255.255.2
02:05:10.522484 dns-monitor   domain: .
02:05:10.522494 dns-monitor   search string 1: .
02:05:10.522506 dns-monitor HostDnsMonitor: new information
02:05:10.522516 dns-monitor   server 1: 9.9.9.9
02:05:10.522526 dns-monitor   server 2: 2620:fe::9
02:05:10.522536 dns-monitor   server 3: 1.1.1.1
02:05:10.522547 dns-monitor   domain: .
02:05:10.522557 dns-monitor   search string 1: .
02:05:10.523795 DCon180  HostDnsMonitorProxy::GetDomainName: .
02:05:10.523994 DCon180  HostDnsMonitorProxy::GetNameServers:
02:05:10.524011 DCon180    name server 1: 9.9.9.9
02:05:10.524022 DCon180    name server 2: 2620:fe::9
02:05:10.524033 DCon180    name server 3: 1.1.1.1
02:05:10.524214 DCon180  HostDnsMonitorProxy::GetSearchStrings:
02:05:10.524229 DCon180    search string 1: .
02:05:13.229196 dns-monitor NAT: resolv.conf: nameserver 192.168.0.1
02:05:13.229229 dns-monitor HostDnsMonitor: updating information
02:05:13.229238 dns-monitor HostDnsMonitor: old information
02:05:13.229246 dns-monitor   server 1: 9.9.9.9
02:05:13.229254 dns-monitor   server 2: 2620:fe::9
02:05:13.229260 dns-monitor   server 3: 1.1.1.1
02:05:13.229276 dns-monitor   domain: .
02:05:13.229300 dns-monitor   search string 1: .
02:05:13.229309 dns-monitor HostDnsMonitor: new information
02:05:13.229345 dns-monitor   server 1: 192.168.0.1
02:05:13.229356 dns-monitor   domain: .
02:05:13.229362 dns-monitor   search string 1: .
02:05:13.230386 DCon180  HostDnsMonitorProxy::GetDomainName: .
02:05:13.230639 DCon180  HostDnsMonitorProxy::GetNameServers:
02:05:13.230658 DCon180    name server 1: 192.168.0.1
02:05:13.230890 DCon180  HostDnsMonitorProxy::GetSearchStrings:
02:05:13.230915 DCon180    search string 1: .
02:05:13.231378 dns-monitor NAT: resolv.conf: nameserver 192.168.0.1
02:05:13.231410 dns-monitor HostDnsMonitor: updating information
02:05:13.231422 dns-monitor HostDnsMonitor: unchanged
02:05:13.972656 dns-monitor NAT: resolv.conf: nameserver 10.255.255.2
02:05:13.972684 dns-monitor NAT: resolv.conf: nameserver 192.168.0.1
02:05:13.972708 dns-monitor HostDnsMonitor: updating information
02:05:13.972716 dns-monitor HostDnsMonitor: old information
02:05:13.972722 dns-monitor   server 1: 192.168.0.1
02:05:13.972729 dns-monitor   domain: .
02:05:13.972735 dns-monitor   search string 1: .
02:05:13.972741 dns-monitor HostDnsMonitor: new information
02:05:13.972749 dns-monitor   server 1: 10.255.255.2
02:05:13.972755 dns-monitor   server 2: 192.168.0.1
02:05:13.972762 dns-monitor   domain: .
02:05:13.972769 dns-monitor   search string 1: .
02:05:13.973535 DCon202  HostDnsMonitorProxy::GetDomainName: .
02:05:13.973707 DCon202  HostDnsMonitorProxy::GetNameServers:
02:05:13.973725 DCon202    name server 1: 10.255.255.2
02:05:13.973733 DCon202    name server 2: 192.168.0.1
02:05:13.973909 DCon202  HostDnsMonitorProxy::GetSearchStrings:
02:05:13.973924 DCon202    search string 1: .
02:05:13.974264 dns-monitor NAT: resolv.conf: nameserver 10.255.255.2
02:05:13.974281 dns-monitor NAT: resolv.conf: nameserver 192.168.0.1
02:05:13.974296 dns-monitor HostDnsMonitor: updating information
02:05:13.974303 dns-monitor HostDnsMonitor: unchanged
02:38:58.983000 MainPower Host suspending: Paused 1 VMs
02:38:58.996512 DCon229  WARNING [COM]: aRC=NS_ERROR_FAILURE (0x80004005) aIID={d5dcece0-b202-4416-a138-03502784cc07} aComponent={HostWrap} aText={VirtualBox is not currently allowed to access USB devices.  You can change this by adding your user to the 'vboxusers' group.  Please see the user manual for a more detailed explanation}, preserve=true aResultDetail=0
02:38:58.998637 DCon216  WARNING [COM]: aRC=NS_ERROR_FAILURE (0x80004005) aIID={d5dcece0-b202-4416-a138-03502784cc07} aComponent={HostWrap} aText={VirtualBox is not currently allowed to access USB devices.  You can change this by adding your user to the 'vboxusers' group.  Please see the user manual for a more detailed explanation}, preserve=true aResultDetail=0
02:38:58.999112 DCon216  WARNING [COM]: aRC=NS_ERROR_FAILURE (0x80004005) aIID={d5dcece0-b202-4416-a138-03502784cc07} aComponent={HostWrap} aText={VirtualBox is not currently allowed to access USB devices.  You can change this by adding your user to the 'vboxusers' group.  Please see the user manual for a more detailed explanation}, preserve=true aResultDetail=0
02:38:59.001060 DCon229  ERROR [COM]: aRC=NS_ERROR_FAILURE (0x80004005) aIID={83cfdc66-4f20-4569-ad39-8722f7d472b3} aComponent={RecordingSettingsWrap} aText={Recording not started}, preserve=false aResultDetail=0
02:38:59.006185 DCon216  ERROR [COM]: aRC=VBOX_E_OBJECT_NOT_FOUND (0x80bb0001) aIID={5bfd8965-b81b-469f-8649-f717ce97a5d5} aComponent={NvramStoreWrap} aText={The UEFI NVRAM file is not existing for this machine}, preserve=false aResultDetail=0
02:38:59.020412 DCon216  ERROR [COM]: aRC=VBOX_E_INVALID_VM_STATE (0x80bb0002) aIID={e36a5081-a82a-40bd-9e4e-42a44d6ce50f} aComponent={MachineWrap} aText={The machine is not mutable, saved or running (state is Paused)}, preserve=false aResultDetail=0
02:38:59.031024 DCon216  WARNING [COM]: aRC=NS_ERROR_FAILURE (0x80004005) aIID={d5dcece0-b202-4416-a138-03502784cc07} aComponent={HostWrap} aText={VirtualBox is not currently allowed to access USB devices.  You can change this by adding your user to the 'vboxusers' group.  Please see the user manual for a more detailed explanation}, preserve=true aResultDetail=0
02:38:59.032218 DCon216  WARNING [COM]: aRC=NS_ERROR_FAILURE (0x80004005) aIID={d5dcece0-b202-4416-a138-03502784cc07} aComponent={HostWrap} aText={VirtualBox is not currently allowed to access USB devices.  You can change this by adding your user to the 'vboxusers' group.  Please see the user manual for a more detailed explanation}, preserve=true aResultDetail=0
02:38:59.498998 dns-monitor NAT: resolv.conf: nameserver 10.255.255.2
02:38:59.499033 dns-monitor HostDnsMonitor: updating information
02:38:59.499056 dns-monitor HostDnsMonitor: old information
02:38:59.499064 dns-monitor   server 1: 10.255.255.2
02:38:59.499071 dns-monitor   server 2: 192.168.0.1
02:38:59.499078 dns-monitor   domain: .
02:38:59.499085 dns-monitor   search string 1: .
02:38:59.499091 dns-monitor HostDnsMonitor: new information
02:38:59.499098 dns-monitor   server 1: 10.255.255.2
02:38:59.499104 dns-monitor   domain: .
02:38:59.499111 dns-monitor   search string 1: .
02:38:59.500427 DCon216  HostDnsMonitorProxy::GetDomainName: .
02:38:59.500876 DCon216  HostDnsMonitorProxy::GetNameServers:
02:38:59.500904 DCon216    name server 1: 10.255.255.2
02:38:59.501216 DCon216  HostDnsMonitorProxy::GetSearchStrings:
02:38:59.501233 DCon216    search string 1: .
02:38:59.501777 dns-monitor NAT: resolv.conf: nameserver 10.255.255.2
02:38:59.501806 dns-monitor HostDnsMonitor: updating information
02:38:59.501816 dns-monitor HostDnsMonitor: unchanged
02:39:02.063725 MainPower Host resumed: Resumed 1 VMs
02:39:02.082460 DCon216  WARNING [COM]: aRC=NS_ERROR_FAILURE (0x80004005) aIID={d5dcece0-b202-4416-a138-03502784cc07} aComponent={HostWrap} aText={VirtualBox is not currently allowed to access USB devices.  You can change this by adding your user to the 'vboxusers' group.  Please see the user manual for a more detailed explanation}, preserve=true aResultDetail=0
02:39:02.083853 DCon216  WARNING [COM]: aRC=NS_ERROR_FAILURE (0x80004005) aIID={d5dcece0-b202-4416-a138-03502784cc07} aComponent={HostWrap} aText={VirtualBox is not currently allowed to access USB devices.  You can change this by adding your user to the 'vboxusers' group.  Please see the user manual for a more detailed explanation}, preserve=true aResultDetail=0
02:39:02.086043 DCon229  ERROR [COM]: aRC=NS_ERROR_FAILURE (0x80004005) aIID={83cfdc66-4f20-4569-ad39-8722f7d472b3} aComponent={RecordingSettingsWrap} aText={Recording not started}, preserve=false aResultDetail=0
02:39:02.097506 DCon229  WARNING [COM]: aRC=NS_ERROR_FAILURE (0x80004005) aIID={d5dcece0-b202-4416-a138-03502784cc07} aComponent={HostWrap} aText={VirtualBox is not currently allowed to access USB devices.  You can change this by adding your user to the 'vboxusers' group.  Please see the user manual for a more detailed explanation}, preserve=true aResultDetail=0
02:39:02.103988 DCon229  ERROR [COM]: aRC=VBOX_E_OBJECT_NOT_FOUND (0x80bb0001) aIID={5bfd8965-b81b-469f-8649-f717ce97a5d5} aComponent={NvramStoreWrap} aText={The UEFI NVRAM file is not existing for this machine}, preserve=false aResultDetail=0
02:39:02.116577 DCon216  ERROR [COM]: aRC=VBOX_E_INVALID_VM_STATE (0x80bb0002) aIID={e36a5081-a82a-40bd-9e4e-42a44d6ce50f} aComponent={MachineWrap} aText={The machine is not mutable, saved or running (state is Running)}, preserve=false aResultDetail=0
02:39:02.125607 DCon216  WARNING [COM]: aRC=NS_ERROR_FAILURE (0x80004005) aIID={d5dcece0-b202-4416-a138-03502784cc07} aComponent={HostWrap} aText={VirtualBox is not currently allowed to access USB devices.  You can change this by adding your user to the 'vboxusers' group.  Please see the user manual for a more detailed explanation}, preserve=true aResultDetail=0
02:39:02.126847 DCon216  WARNING [COM]: aRC=NS_ERROR_FAILURE (0x80004005) aIID={d5dcece0-b202-4416-a138-03502784cc07} aComponent={HostWrap} aText={VirtualBox is not currently allowed to access USB devices.  You can change this by adding your user to the 'vboxusers' group.  Please see the user manual for a more detailed explanation}, preserve=true aResultDetail=0
02:39:02.420225 dns-monitor NAT: resolv.conf: nameserver 9.9.9.9
02:39:02.420279 dns-monitor NAT: resolv.conf: nameserver 2620:fe::9
02:39:02.420294 dns-monitor NAT: resolv.conf: nameserver 1.1.1.1
02:39:02.420307 dns-monitor NAT: resolv.conf: too many nameserver lines, ignoring 2606:4700:4700::1111
02:39:02.420400 dns-monitor NAT: resolv.conf: too many nameserver lines, ignoring 8.8.8.8
02:39:02.420412 dns-monitor NAT: resolv.conf: too many nameserver lines, ignoring 2001:4860:4860::8888
02:39:02.420443 dns-monitor HostDnsMonitor: updating information
02:39:02.420455 dns-monitor HostDnsMonitor: old information
02:39:02.420466 dns-monitor   server 1: 10.255.255.2
02:39:02.420478 dns-monitor   domain: .
02:39:02.420488 dns-monitor   search string 1: .
02:39:02.420500 dns-monitor HostDnsMonitor: new information
02:39:02.420511 dns-monitor   server 1: 9.9.9.9
02:39:02.420522 dns-monitor   server 2: 2620:fe::9
02:39:02.420532 dns-monitor   server 3: 1.1.1.1
02:39:02.420543 dns-monitor   domain: .
02:39:02.420553 dns-monitor   search string 1: .
02:39:02.422700 DCon216  HostDnsMonitorProxy::GetDomainName: .
02:39:02.422916 DCon216  HostDnsMonitorProxy::GetNameServers:
02:39:02.422926 DCon216    name server 1: 9.9.9.9
02:39:02.422934 DCon216    name server 2: 2620:fe::9
02:39:02.422942 DCon216    name server 3: 1.1.1.1
02:39:02.423152 DCon216  HostDnsMonitorProxy::GetSearchStrings:
02:39:02.423171 DCon216    search string 1: .
02:39:02.423688 dns-monitor NAT: resolv.conf: nameserver 9.9.9.9
02:39:02.423713 dns-monitor NAT: resolv.conf: nameserver 2620:fe::9
02:39:02.423728 dns-monitor NAT: resolv.conf: nameserver 1.1.1.1
02:39:02.423741 dns-monitor NAT: resolv.conf: too many nameserver lines, ignoring 2606:4700:4700::1111
02:39:02.423755 dns-monitor NAT: resolv.conf: too many nameserver lines, ignoring 8.8.8.8
02:39:02.423766 dns-monitor NAT: resolv.conf: too many nameserver lines, ignoring 2001:4860:4860::8888
02:39:02.423789 dns-monitor HostDnsMonitor: updating information
02:39:02.423800 dns-monitor HostDnsMonitor: unchanged
02:39:05.194332 dns-monitor NAT: resolv.conf: nameserver 192.168.0.1
02:39:05.194373 dns-monitor HostDnsMonitor: updating information
02:39:05.194384 dns-monitor HostDnsMonitor: old information
02:39:05.194393 dns-monitor   server 1: 9.9.9.9
02:39:05.194404 dns-monitor   server 2: 2620:fe::9
02:39:05.194412 dns-monitor   server 3: 1.1.1.1
02:39:05.194421 dns-monitor   domain: .
02:39:05.194430 dns-monitor   search string 1: .
02:39:05.194438 dns-monitor HostDnsMonitor: new information
02:39:05.194446 dns-monitor   server 1: 192.168.0.1
02:39:05.194455 dns-monitor   domain: .
02:39:05.194474 dns-monitor   search string 1: .
02:39:05.195304 DCon229  HostDnsMonitorProxy::GetDomainName: .
02:39:05.195481 DCon229  HostDnsMonitorProxy::GetNameServers:
02:39:05.195489 DCon229    name server 1: 192.168.0.1
02:39:05.195626 DCon229  HostDnsMonitorProxy::GetSearchStrings:
02:39:05.195633 DCon229    search string 1: .
02:39:05.195893 dns-monitor NAT: resolv.conf: nameserver 192.168.0.1
02:39:05.195915 dns-monitor HostDnsMonitor: updating information
02:39:05.195922 dns-monitor HostDnsMonitor: unchanged
02:39:05.853504 dns-monitor NAT: resolv.conf: nameserver 192.168.0.1
02:39:05.853537 dns-monitor NAT: resolv.conf: nameserver 10.255.255.2
02:39:05.853561 dns-monitor HostDnsMonitor: updating information
02:39:05.853570 dns-monitor HostDnsMonitor: old information
02:39:05.853577 dns-monitor   server 1: 192.168.0.1
02:39:05.853585 dns-monitor   domain: .
02:39:05.853593 dns-monitor   search string 1: .
02:39:05.853600 dns-monitor HostDnsMonitor: new information
02:39:05.853607 dns-monitor   server 1: 192.168.0.1
02:39:05.853615 dns-monitor   server 2: 10.255.255.2
02:39:05.853622 dns-monitor   domain: .
02:39:05.853629 dns-monitor   search string 1: .
02:39:05.854598 DCon229  HostDnsMonitorProxy::GetDomainName: .
02:39:05.854746 DCon229  HostDnsMonitorProxy::GetNameServers:
02:39:05.854754 DCon229    name server 1: 192.168.0.1
02:39:05.854761 DCon229    name server 2: 10.255.255.2
02:39:05.854908 DCon229  HostDnsMonitorProxy::GetSearchStrings:
02:39:05.854930 DCon229    search string 1: .
02:39:05.855257 dns-monitor NAT: resolv.conf: nameserver 192.168.0.1
02:39:05.855277 dns-monitor NAT: resolv.conf: nameserver 10.255.255.2
02:39:05.855296 dns-monitor HostDnsMonitor: updating information
02:39:05.855305 dns-monitor HostDnsMonitor: unchanged
04:07:28.876426 MainPower Host suspending: Paused 1 VMs
04:07:28.889513 DCon287  WARNING [COM]: aRC=NS_ERROR_FAILURE (0x80004005) aIID={d5dcece0-b202-4416-a138-03502784cc07} aComponent={HostWrap} aText={VirtualBox is not currently allowed to access USB devices.  You can change this by adding your user to the 'vboxusers' group.  Please see the user manual for a more detailed explanation}, preserve=true aResultDetail=0
04:07:28.890637 DCon287  WARNING [COM]: aRC=NS_ERROR_FAILURE (0x80004005) aIID={d5dcece0-b202-4416-a138-03502784cc07} aComponent={HostWrap} aText={VirtualBox is not currently allowed to access USB devices.  You can change this by adding your user to the 'vboxusers' group.  Please see the user manual for a more detailed explanation}, preserve=true aResultDetail=0
04:07:28.892884 DCon287  ERROR [COM]: aRC=NS_ERROR_FAILURE (0x80004005) aIID={83cfdc66-4f20-4569-ad39-8722f7d472b3} aComponent={RecordingSettingsWrap} aText={Recording not started}, preserve=false aResultDetail=0
04:07:28.912128 DCon287  WARNING [COM]: aRC=NS_ERROR_FAILURE (0x80004005) aIID={d5dcece0-b202-4416-a138-03502784cc07} aComponent={HostWrap} aText={VirtualBox is not currently allowed to access USB devices.  You can change this by adding your user to the 'vboxusers' group.  Please see the user manual for a more detailed explanation}, preserve=true aResultDetail=0
04:07:28.921845 DCon287  ERROR [COM]: aRC=VBOX_E_OBJECT_NOT_FOUND (0x80bb0001) aIID={5bfd8965-b81b-469f-8649-f717ce97a5d5} aComponent={NvramStoreWrap} aText={The UEFI NVRAM file is not existing for this machine}, preserve=false aResultDetail=0
04:07:28.935966 DCon282  ERROR [COM]: aRC=VBOX_E_INVALID_VM_STATE (0x80bb0002) aIID={e36a5081-a82a-40bd-9e4e-42a44d6ce50f} aComponent={MachineWrap} aText={The machine is not mutable, saved or running (state is Paused)}, preserve=false aResultDetail=0
04:07:28.946260 DCon282  WARNING [COM]: aRC=NS_ERROR_FAILURE (0x80004005) aIID={d5dcece0-b202-4416-a138-03502784cc07} aComponent={HostWrap} aText={VirtualBox is not currently allowed to access USB devices.  You can change this by adding your user to the 'vboxusers' group.  Please see the user manual for a more detailed explanation}, preserve=true aResultDetail=0
04:07:28.947518 DCon282  WARNING [COM]: aRC=NS_ERROR_FAILURE (0x80004005) aIID={d5dcece0-b202-4416-a138-03502784cc07} aComponent={HostWrap} aText={VirtualBox is not currently allowed to access USB devices.  You can change this by adding your user to the 'vboxusers' group.  Please see the user manual for a more detailed explanation}, preserve=true aResultDetail=0
04:07:29.450060 dns-monitor NAT: resolv.conf: nameserver 10.255.255.2
04:07:29.450102 dns-monitor HostDnsMonitor: updating information
04:07:29.450152 dns-monitor HostDnsMonitor: old information
04:07:29.450160 dns-monitor   server 1: 192.168.0.1
04:07:29.450169 dns-monitor   server 2: 10.255.255.2
04:07:29.450178 dns-monitor   domain: .
04:07:29.450185 dns-monitor   search string 1: .
04:07:29.450194 dns-monitor HostDnsMonitor: new information
04:07:29.450201 dns-monitor   server 1: 10.255.255.2
04:07:29.450209 dns-monitor   domain: .
04:07:29.450217 dns-monitor   search string 1: .
04:07:29.451581 DCon282  HostDnsMonitorProxy::GetDomainName: .
04:07:29.452033 DCon282  HostDnsMonitorProxy::GetNameServers:
04:07:29.452060 DCon282    name server 1: 10.255.255.2
04:07:29.452335 DCon282  HostDnsMonitorProxy::GetSearchStrings:
04:07:29.452344 DCon282    search string 1: .
04:07:32.036730 MainPower Host resumed: Resumed 1 VMs
04:07:32.054329 DCon289  WARNING [COM]: aRC=NS_ERROR_FAILURE (0x80004005) aIID={d5dcece0-b202-4416-a138-03502784cc07} aComponent={HostWrap} aText={VirtualBox is not currently allowed to access USB devices.  You can change this by adding your user to the 'vboxusers' group.  Please see the user manual for a more detailed explanation}, preserve=true aResultDetail=0
04:07:32.055708 DCon276  WARNING [COM]: aRC=NS_ERROR_FAILURE (0x80004005) aIID={d5dcece0-b202-4416-a138-03502784cc07} aComponent={HostWrap} aText={VirtualBox is not currently allowed to access USB devices.  You can change this by adding your user to the 'vboxusers' group.  Please see the user manual for a more detailed explanation}, preserve=true aResultDetail=0
04:07:32.058220 DCon276  ERROR [COM]: aRC=NS_ERROR_FAILURE (0x80004005) aIID={83cfdc66-4f20-4569-ad39-8722f7d472b3} aComponent={RecordingSettingsWrap} aText={Recording not started}, preserve=false aResultDetail=0
04:07:32.074667 DCon276  WARNING [COM]: aRC=NS_ERROR_FAILURE (0x80004005) aIID={d5dcece0-b202-4416-a138-03502784cc07} aComponent={HostWrap} aText={VirtualBox is not currently allowed to access USB devices.  You can change this by adding your user to the 'vboxusers' group.  Please see the user manual for a more detailed explanation}, preserve=true aResultDetail=0
04:07:32.081638 DCon276  ERROR [COM]: aRC=VBOX_E_OBJECT_NOT_FOUND (0x80bb0001) aIID={5bfd8965-b81b-469f-8649-f717ce97a5d5} aComponent={NvramStoreWrap} aText={The UEFI NVRAM file is not existing for this machine}, preserve=false aResultDetail=0
04:07:32.096034 DCon276  ERROR [COM]: aRC=VBOX_E_INVALID_VM_STATE (0x80bb0002) aIID={e36a5081-a82a-40bd-9e4e-42a44d6ce50f} aComponent={MachineWrap} aText={The machine is not mutable, saved or running (state is Running)}, preserve=false aResultDetail=0
04:07:32.106883 DCon276  WARNING [COM]: aRC=NS_ERROR_FAILURE (0x80004005) aIID={d5dcece0-b202-4416-a138-03502784cc07} aComponent={HostWrap} aText={VirtualBox is not currently allowed to access USB devices.  You can change this by adding your user to the 'vboxusers' group.  Please see the user manual for a more detailed explanation}, preserve=true aResultDetail=0
04:07:32.108353 DCon276  WARNING [COM]: aRC=NS_ERROR_FAILURE (0x80004005) aIID={d5dcece0-b202-4416-a138-03502784cc07} aComponent={HostWrap} aText={VirtualBox is not currently allowed to access USB devices.  You can change this by adding your user to the 'vboxusers' group.  Please see the user manual for a more detailed explanation}, preserve=true aResultDetail=0
04:07:32.429254 dns-monitor NAT: resolv.conf: nameserver 9.9.9.9
04:07:32.429284 dns-monitor NAT: resolv.conf: nameserver 2620:fe::9
04:07:32.429297 dns-monitor NAT: resolv.conf: nameserver 1.1.1.1
04:07:32.429307 dns-monitor NAT: resolv.conf: too many nameserver lines, ignoring 2606:4700:4700::1111
04:07:32.429331 dns-monitor NAT: resolv.conf: too many nameserver lines, ignoring 8.8.8.8
04:07:32.429340 dns-monitor NAT: resolv.conf: too many nameserver lines, ignoring 2001:4860:4860::8888
04:07:32.429364 dns-monitor HostDnsMonitor: updating information
04:07:32.429373 dns-monitor HostDnsMonitor: old information
04:07:32.429382 dns-monitor   server 1: 10.255.255.2
04:07:32.429390 dns-monitor   domain: .
04:07:32.429398 dns-monitor   search string 1: .
04:07:32.429407 dns-monitor HostDnsMonitor: new information
04:07:32.429413 dns-monitor   server 1: 9.9.9.9
04:07:32.429421 dns-monitor   server 2: 2620:fe::9
04:07:32.429429 dns-monitor   server 3: 1.1.1.1
04:07:32.429438 dns-monitor   domain: .
04:07:32.429446 dns-monitor   search string 1: .
04:07:32.430728 DCon276  HostDnsMonitorProxy::GetDomainName: .
04:07:32.430952 DCon276  HostDnsMonitorProxy::GetNameServers:
04:07:32.430965 DCon276    name server 1: 9.9.9.9
04:07:32.430973 DCon276    name server 2: 2620:fe::9
04:07:32.430979 DCon276    name server 3: 1.1.1.1
04:07:32.431146 DCon276  HostDnsMonitorProxy::GetSearchStrings:
04:07:32.431155 DCon276    search string 1: .
04:07:32.431470 dns-monitor NAT: resolv.conf: nameserver 9.9.9.9
04:07:32.431488 dns-monitor NAT: resolv.conf: nameserver 2620:fe::9
04:07:32.431497 dns-monitor NAT: resolv.conf: nameserver 1.1.1.1
04:07:32.431506 dns-monitor NAT: resolv.conf: too many nameserver lines, ignoring 2606:4700:4700::1111
04:07:32.431522 dns-monitor NAT: resolv.conf: too many nameserver lines, ignoring 8.8.8.8
04:07:32.431538 dns-monitor NAT: resolv.conf: too many nameserver lines, ignoring 2001:4860:4860::8888
04:07:32.431554 dns-monitor HostDnsMonitor: updating information
04:07:32.431563 dns-monitor HostDnsMonitor: unchanged
04:07:35.172676 dns-monitor NAT: resolv.conf: nameserver 192.168.0.1
04:07:35.172714 dns-monitor HostDnsMonitor: updating information
04:07:35.172726 dns-monitor HostDnsMonitor: old information
04:07:35.172736 dns-monitor   server 1: 9.9.9.9
04:07:35.172746 dns-monitor   server 2: 2620:fe::9
04:07:35.172756 dns-monitor   server 3: 1.1.1.1
04:07:35.172765 dns-monitor   domain: .
04:07:35.172773 dns-monitor   search string 1: .
04:07:35.172782 dns-monitor HostDnsMonitor: new information
04:07:35.172791 dns-monitor   server 1: 192.168.0.1
04:07:35.172800 dns-monitor   domain: .
04:07:35.172809 dns-monitor   search string 1: .
04:07:35.173667 DCon288  HostDnsMonitorProxy::GetDomainName: .
04:07:35.173808 DCon288  HostDnsMonitorProxy::GetNameServers:
04:07:35.173818 DCon288    name server 1: 192.168.0.1
04:07:35.173957 DCon288  HostDnsMonitorProxy::GetSearchStrings:
04:07:35.173966 DCon288    search string 1: .
04:07:35.174257 dns-monitor NAT: resolv.conf: nameserver 192.168.0.1
04:07:35.174285 dns-monitor HostDnsMonitor: updating information
04:07:35.174293 dns-monitor HostDnsMonitor: unchanged
04:07:35.867541 dns-monitor NAT: resolv.conf: nameserver 10.255.255.2
04:07:35.867567 dns-monitor NAT: resolv.conf: nameserver 192.168.0.1
04:07:35.867607 dns-monitor HostDnsMonitor: updating information
04:07:35.867617 dns-monitor HostDnsMonitor: old information
04:07:35.867671 dns-monitor   server 1: 192.168.0.1
04:07:35.867688 dns-monitor   domain: .
04:07:35.867697 dns-monitor   search string 1: .
04:07:35.867704 dns-monitor HostDnsMonitor: new information
04:07:35.867710 dns-monitor   server 1: 10.255.255.2
04:07:35.867716 dns-monitor   server 2: 192.168.0.1
04:07:35.867722 dns-monitor   domain: .
04:07:35.867728 dns-monitor   search string 1: .
04:07:35.868517 DCon288  HostDnsMonitorProxy::GetDomainName: .
04:07:35.868682 DCon288  HostDnsMonitorProxy::GetNameServers:
04:07:35.868697 DCon288    name server 1: 10.255.255.2
04:07:35.868705 DCon288    name server 2: 192.168.0.1
04:07:35.868851 DCon288  HostDnsMonitorProxy::GetSearchStrings:
04:07:35.868869 DCon288    search string 1: .
04:07:35.869134 dns-monitor NAT: resolv.conf: nameserver 10.255.255.2
04:07:35.869152 dns-monitor NAT: resolv.conf: nameserver 192.168.0.1
04:07:35.869167 dns-monitor HostDnsMonitor: updating information
04:07:35.869177 dns-monitor HostDnsMonitor: unchanged
04:08:01.445590 DCon280  Saving settings file "/home/gyom/.config/VirtualBox/VirtualBox.xml" with version "1.12-linux"
04:08:01.450499 DCon280  Finished saving settings file "/home/gyom/.config/VirtualBox/VirtualBox.xml"
04:36:45.810914 main     VirtualBox: object deletion starts
04:36:45.811136 main     Saving settings file "/home/gyom/VirtualBox_VMs/win7-opcom/win7-opcom.vbox" with version "1.19-linux"
04:36:45.816948 main     Finished saving settings file "/home/gyom/VirtualBox_VMs/win7-opcom/win7-opcom.vbox"
04:36:45.817217 Watcher  ERROR [COM]: aRC=E_ACCESSDENIED (0x80070005) aIID={2ce10519-3c09-45d8-a12d-e887786146b7} aComponent={VirtualBoxWrap} aText={The object is not ready}, preserve=false aResultDetail=0
04:36:45.818719 main     ERROR [COM]: aRC=VBOX_E_OBJECT_IN_USE (0x80bb000c) aIID={7d510820-a678-4730-a862-818dcd3fbed0} aComponent={MediumWrap} aText={Medium '/home/gyom/VirtualBox_VMs/win7-opcom/win7.vdi' cannot be closed because it is still attached to 1 virtual machines}, preserve=false aResultDetail=0
04:36:45.818984 main     ERROR [COM]: aRC=VBOX_E_OBJECT_IN_USE (0x80bb000c) aIID={7d510820-a678-4730-a862-818dcd3fbed0} aComponent={MediumWrap} aText={Medium '/home/gyom/VirtualBox_VMs/win10/win10.vdi' cannot be closed because it is still attached to 1 virtual machines}, preserve=false aResultDetail=0
04:36:45.821040 main     HostDnsMonitor: shutting down ...
04:36:45.821460 main     HostDnsMonitor: shut down
04:36:45.833148 main     VirtualBox: object deleted
